image_name,true_label,predicted_label
train_ISIC_0029574.jpg,4,4
train_ISIC_0033807.jpg,4,4
train_ISIC_0026993.jpg,4,4
train_ISIC_0031550.jpg,4,4
train_ISIC_0032533.jpg,4,4
train_ISIC_0032214.jpg,4,4
train_ISIC_0025550.jpg,4,4
train_ISIC_0033063.jpg,4,4
train_ISIC_0032559.jpg,4,2
train_ISIC_0026596.jpg,4,2
train_ISIC_0033946.jpg,4,4
train_ISIC_0029146.jpg,4,0
train_ISIC_0033473.jpg,4,2
train_ISIC_0030382.jpg,4,4
train_ISIC_0025964.jpg,4,4
train_ISIC_0032922.jpg,4,4
train_ISIC_0027673.jpg,4,4
train_ISIC_0033630.jpg,4,4
train_ISIC_0026113.jpg,4,4
train_ISIC_0033624.jpg,4,4
train_ISIC_0032730.jpg,4,4
train_ISIC_0029538.jpg,4,4
train_ISIC_0032433.jpg,4,2
train_ISIC_0033607.jpg,4,4
train_ISIC_0032420.jpg,4,2
train_ISIC_0027956.jpg,4,4
train_ISIC_0033362.jpg,4,4
train_ISIC_0030818.jpg,4,4
train_ISIC_0028916.jpg,4,4
train_ISIC_0033344.jpg,4,2
train_ISIC_0024449.jpg,4,4
train_ISIC_0033068.jpg,4,4
train_ISIC_0027822.jpg,4,2
train_ISIC_0031545.jpg,4,4
train_ISIC_0034062.jpg,4,2
train_ISIC_0027105.jpg,4,2
train_ISIC_0033241.jpg,4,4
train_ISIC_0033710.jpg,4,4
train_ISIC_0032870.jpg,4,4
train_ISIC_0034117.jpg,4,4
train_ISIC_0028082.jpg,4,4
train_ISIC_0028127.jpg,4,4
train_ISIC_0033725.jpg,4,4
train_ISIC_0032782.jpg,4,2
train_ISIC_0032960.jpg,4,0
train_ISIC_0029363.jpg,4,1
train_ISIC_0032017.jpg,4,4
train_ISIC_0028126.jpg,4,4
train_ISIC_0033174.jpg,4,4
train_ISIC_0030950.jpg,4,4
train_ISIC_0030324.jpg,4,4
train_ISIC_0033801.jpg,4,4
train_ISIC_0033805.jpg,4,4
train_ISIC_0030060.jpg,4,4
train_ISIC_0032836.jpg,4,4
train_ISIC_0034180.jpg,4,2
train_ISIC_0033611.jpg,4,4
train_ISIC_0033369.jpg,4,4
train_ISIC_0026131.jpg,4,4
train_ISIC_0028520.jpg,4,4
train_ISIC_0025663.jpg,4,4
train_ISIC_0027669.jpg,4,4
train_ISIC_0027065.jpg,4,4
train_ISIC_0025573.jpg,4,4
train_ISIC_0028463.jpg,4,4
train_ISIC_0027102.jpg,4,4
train_ISIC_0030756.jpg,4,4
train_ISIC_0028211.jpg,4,2
train_ISIC_0034253.jpg,4,4
train_ISIC_0033209.jpg,4,4
train_ISIC_0024675.jpg,4,4
train_ISIC_0030171.jpg,4,4
train_ISIC_0025081.jpg,4,5
train_ISIC_0029843.jpg,4,4
train_ISIC_0028033.jpg,4,4
train_ISIC_0034000.jpg,4,4
train_ISIC_0032925.jpg,4,4
train_ISIC_0033524.jpg,4,1
train_ISIC_0024732.jpg,4,4
train_ISIC_0029480.jpg,4,2
train_ISIC_0026604.jpg,4,0
train_ISIC_0031177.jpg,4,4
train_ISIC_0030754.jpg,4,4
train_ISIC_0033186.jpg,4,4
train_ISIC_0027327.jpg,4,4
train_ISIC_0032873.jpg,4,4
train_ISIC_0034218.jpg,4,4
train_ISIC_0030689.jpg,4,2
train_ISIC_0029056.jpg,4,4
train_ISIC_0034183.jpg,4,4
train_ISIC_0033500.jpg,4,4
train_ISIC_0033654.jpg,4,4
train_ISIC_0033034.jpg,4,4
train_ISIC_0034101.jpg,4,4
train_ISIC_0027302.jpg,4,4
train_ISIC_0032975.jpg,4,4
train_ISIC_0027253.jpg,4,4
train_ISIC_0028173.jpg,4,3
train_ISIC_0033269.jpg,4,4
train_ISIC_0024482.jpg,4,4
train_ISIC_0033560.jpg,4,4
train_ISIC_0031557.jpg,4,4
train_ISIC_0027021.jpg,4,4
train_ISIC_0033166.jpg,4,4
train_ISIC_0030512.jpg,4,4
train_ISIC_0032927.jpg,4,4
train_ISIC_0030507.jpg,4,2
train_ISIC_0033050.jpg,4,4
train_ISIC_0034289.jpg,4,4
train_ISIC_0029343.jpg,4,4
train_ISIC_0034275.jpg,4,4
train_ISIC_0031303.jpg,4,2
train_ISIC_0032408.jpg,4,4
train_ISIC_0031561.jpg,4,4
train_ISIC_0026229.jpg,4,4
train_ISIC_0027187.jpg,4,2
train_ISIC_0032245.jpg,4,5
train_ISIC_0026877.jpg,4,4
train_ISIC_0034059.jpg,4,4
train_ISIC_0025489.jpg,4,4
train_ISIC_0026506.jpg,4,4
train_ISIC_0033399.jpg,4,4
train_ISIC_0032604.jpg,4,4
train_ISIC_0026430.jpg,4,2
train_ISIC_0032424.jpg,4,4
train_ISIC_0032807.jpg,4,4
train_ISIC_0032602.jpg,4,4
train_ISIC_0030795.jpg,4,4
train_ISIC_0033874.jpg,4,4
train_ISIC_0027622.jpg,4,4
train_ISIC_0028445.jpg,4,4
train_ISIC_0025955.jpg,4,4
train_ISIC_0032425.jpg,4,4
train_ISIC_0033981.jpg,4,2
train_ISIC_0032462.jpg,4,4
train_ISIC_0025755.jpg,4,4
train_ISIC_0031745.jpg,4,4
train_ISIC_0026296.jpg,4,5
train_ISIC_0031401.jpg,4,2
train_ISIC_0032733.jpg,4,2
train_ISIC_0030929.jpg,4,2
train_ISIC_0030798.jpg,4,4
train_ISIC_0026475.jpg,4,4
train_ISIC_0032716.jpg,4,4
train_ISIC_0027171.jpg,4,4
train_ISIC_0027872.jpg,4,2
train_ISIC_0034242.jpg,4,4
train_ISIC_0027702.jpg,4,4
train_ISIC_0032718.jpg,4,2
train_ISIC_0024537.jpg,4,4
train_ISIC_0025616.jpg,4,2
train_ISIC_0029884.jpg,4,4
train_ISIC_0033678.jpg,4,4
train_ISIC_0033534.jpg,4,4
train_ISIC_0027487.jpg,4,3
train_ISIC_0027769.jpg,4,4
train_ISIC_0031295.jpg,4,4
train_ISIC_0033938.jpg,4,4
train_ISIC_0024767.jpg,4,1
train_ISIC_0027306.jpg,4,4
train_ISIC_0031953.jpg,4,4
train_ISIC_0034284.jpg,4,4
train_ISIC_0033089.jpg,4,4
train_ISIC_0027060.jpg,4,4
train_ISIC_0027904.jpg,4,4
train_ISIC_0033569.jpg,4,4
train_ISIC_0030970.jpg,4,4
train_ISIC_0032840.jpg,4,4
train_ISIC_0026916.jpg,4,4
train_ISIC_0025413.jpg,4,4
train_ISIC_0027590.jpg,4,4
train_ISIC_0032504.jpg,4,4
train_ISIC_0032610.jpg,4,4
train_ISIC_0031025.jpg,4,4
train_ISIC_0033023.jpg,4,4
train_ISIC_0034065.jpg,4,4
train_ISIC_0032915.jpg,4,4
train_ISIC_0028899.jpg,4,4
train_ISIC_0033073.jpg,4,4
train_ISIC_0029937.jpg,4,4
train_ISIC_0028003.jpg,4,4
train_ISIC_0029242.jpg,4,4
train_ISIC_0027659.jpg,4,4
train_ISIC_0027277.jpg,4,4
train_ISIC_0025709.jpg,4,0
train_ISIC_0032072.jpg,4,2
train_ISIC_0033171.jpg,4,4
train_ISIC_0028543.jpg,4,4
train_ISIC_0027204.jpg,4,4
train_ISIC_0033428.jpg,4,4
train_ISIC_0029370.jpg,4,4
train_ISIC_0033655.jpg,4,4
train_ISIC_0033568.jpg,4,4
train_ISIC_0025524.jpg,4,4
train_ISIC_0033773.jpg,4,4
train_ISIC_0031565.jpg,4,4
train_ISIC_0025751.jpg,4,4
train_ISIC_0027076.jpg,4,5
train_ISIC_0029092.jpg,4,4
train_ISIC_0027149.jpg,4,4
train_ISIC_0033871.jpg,4,4
train_ISIC_0033287.jpg,4,4
train_ISIC_0027155.jpg,4,4
train_ISIC_0031941.jpg,4,4
train_ISIC_0027407.jpg,4,4
train_ISIC_0024586.jpg,4,4
train_ISIC_0032921.jpg,4,1
train_ISIC_0027436.jpg,4,4
train_ISIC_0034134.jpg,4,2
train_ISIC_0032331.jpg,4,4
train_ISIC_0030925.jpg,4,4
train_ISIC_0033878.jpg,4,2
train_ISIC_0032537.jpg,4,4
train_ISIC_0034074.jpg,4,4
train_ISIC_0024315.jpg,4,4
train_ISIC_0027300.jpg,4,4
train_ISIC_0034052.jpg,4,4
train_ISIC_0033995.jpg,4,4
train_ISIC_0033051.jpg,4,4
train_ISIC_0025500.jpg,4,4
train_ISIC_0024875.jpg,4,4
train_ISIC_0024865.jpg,4,2
train_ISIC_0028860.jpg,4,4
train_ISIC_0030445.jpg,4,3
train_ISIC_0033662.jpg,4,2
train_ISIC_0025316.jpg,4,5
train_ISIC_0031417.jpg,4,4
train_ISIC_0033304.jpg,4,4
train_ISIC_0032751.jpg,4,4
train_ISIC_0033377.jpg,4,4
train_ISIC_0027261.jpg,4,4
train_ISIC_0025238.jpg,4,4
train_ISIC_0031408.jpg,4,4
train_ISIC_0028579.jpg,4,4
train_ISIC_0032617.jpg,4,4
train_ISIC_0033885.jpg,4,4
train_ISIC_0033487.jpg,4,4
train_ISIC_0030898.jpg,4,2
train_ISIC_0032265.jpg,4,4
train_ISIC_0029885.jpg,4,1
train_ISIC_0032313.jpg,4,4
train_ISIC_0026647.jpg,4,4
train_ISIC_0030032.jpg,4,4
train_ISIC_0033616.jpg,4,4
train_ISIC_0028898.jpg,4,4
train_ISIC_0033730.jpg,4,4
train_ISIC_0024967.jpg,4,4
train_ISIC_0024652.jpg,4,4
train_ISIC_0033310.jpg,4,4
train_ISIC_0024679.jpg,4,4
train_ISIC_0028026.jpg,4,4
train_ISIC_0032841.jpg,4,4
train_ISIC_0025520.jpg,4,4
train_ISIC_0031972.jpg,4,2
train_ISIC_0032219.jpg,4,4
train_ISIC_0032797.jpg,4,4
train_ISIC_0030246.jpg,4,4
train_ISIC_0027163.jpg,4,4
train_ISIC_0029995.jpg,4,4
train_ISIC_0033279.jpg,4,4
train_ISIC_0030031.jpg,4,1
train_ISIC_0031642.jpg,4,4
train_ISIC_0033444.jpg,4,2
train_ISIC_0032638.jpg,4,4
train_ISIC_0030391.jpg,4,4
train_ISIC_0026531.jpg,4,4
train_ISIC_0026892.jpg,4,4
train_ISIC_0030932.jpg,4,4
train_ISIC_0028493.jpg,4,2
train_ISIC_0029502.jpg,4,4
train_ISIC_0026909.jpg,4,4
train_ISIC_0033061.jpg,4,4
train_ISIC_0032046.jpg,4,2
train_ISIC_0032603.jpg,4,4
train_ISIC_0034287.jpg,4,4
train_ISIC_0027620.jpg,4,4
train_ISIC_0024972.jpg,4,4
train_ISIC_0028288.jpg,4,4
train_ISIC_0033538.jpg,4,4
train_ISIC_0029170.jpg,4,4
train_ISIC_0033522.jpg,4,4
train_ISIC_0032844.jpg,4,2
train_ISIC_0027517.jpg,4,4
train_ISIC_0033485.jpg,4,2
train_ISIC_0033394.jpg,4,4
train_ISIC_0030238.jpg,4,4
train_ISIC_0032790.jpg,4,2
train_ISIC_0031908.jpg,4,4
train_ISIC_0029281.jpg,4,4
train_ISIC_0033670.jpg,4,4
train_ISIC_0026652.jpg,4,4
train_ISIC_0032152.jpg,4,4
train_ISIC_0032372.jpg,4,4
train_ISIC_0027573.jpg,4,2
train_ISIC_0027238.jpg,4,4
train_ISIC_0024951.jpg,4,4
train_ISIC_0033198.jpg,4,4
train_ISIC_0031957.jpg,4,4
train_ISIC_0026009.jpg,4,4
train_ISIC_0033752.jpg,4,0
train_ISIC_0026207.jpg,4,4
train_ISIC_0026735.jpg,4,4
train_ISIC_0028418.jpg,4,4
train_ISIC_0026754.jpg,4,4
train_ISIC_0030014.jpg,4,4
train_ISIC_0029094.jpg,4,4
train_ISIC_0027420.jpg,4,4
train_ISIC_0025097.jpg,4,4
train_ISIC_0031821.jpg,4,4
train_ISIC_0027101.jpg,4,4
train_ISIC_0033962.jpg,4,4
train_ISIC_0029021.jpg,4,4
train_ISIC_0026094.jpg,4,4
train_ISIC_0032532.jpg,4,4
train_ISIC_0033387.jpg,4,4
train_ISIC_0024898.jpg,4,4
train_ISIC_0024805.jpg,4,4
train_ISIC_0030623.jpg,4,4
train_ISIC_0030910.jpg,4,1
train_ISIC_0033232.jpg,4,4
train_ISIC_0033663.jpg,4,4
train_ISIC_0032984.jpg,4,4
train_ISIC_0025674.jpg,4,1
train_ISIC_0028901.jpg,4,4
train_ISIC_0032709.jpg,4,4
train_ISIC_0033325.jpg,4,2
train_ISIC_0030122.jpg,4,4
train_ISIC_0033802.jpg,4,4
train_ISIC_0032847.jpg,4,4
train_ISIC_0033469.jpg,4,4
train_ISIC_0028103.jpg,4,2
train_ISIC_0031203.jpg,4,4
train_ISIC_0027352.jpg,4,4
train_ISIC_0033881.jpg,4,2
train_ISIC_0032993.jpg,4,4
train_ISIC_0033333.jpg,4,4
train_ISIC_0029562.jpg,4,5
train_ISIC_0028017.jpg,4,4
train_ISIC_0032622.jpg,4,4
train_ISIC_0032079.jpg,4,1
train_ISIC_0033320.jpg,4,4
train_ISIC_0024481.jpg,4,5
train_ISIC_0024701.jpg,4,4
train_ISIC_0034094.jpg,4,4
train_ISIC_0033546.jpg,4,4
train_ISIC_0034172.jpg,4,4
train_ISIC_0025018.jpg,4,4
train_ISIC_0027071.jpg,4,4
train_ISIC_0028481.jpg,4,4
train_ISIC_0032244.jpg,4,4
train_ISIC_0033977.jpg,4,4
train_ISIC_0034173.jpg,4,2
train_ISIC_0033643.jpg,4,4
train_ISIC_0028897.jpg,4,4
train_ISIC_0025234.jpg,4,4
train_ISIC_0027560.jpg,4,2
train_ISIC_0025748.jpg,4,4
train_ISIC_0034071.jpg,4,4
train_ISIC_0034236.jpg,4,4
train_ISIC_0033324.jpg,4,4
train_ISIC_0032958.jpg,4,4
train_ISIC_0027900.jpg,4,4
train_ISIC_0032535.jpg,4,2
train_ISIC_0031499.jpg,4,4
train_ISIC_0034188.jpg,4,1
train_ISIC_0032526.jpg,4,4
train_ISIC_0027863.jpg,4,4
train_ISIC_0029575.jpg,4,4
train_ISIC_0032187.jpg,4,4
train_ISIC_0032070.jpg,4,2
train_ISIC_0026458.jpg,4,4
train_ISIC_0029319.jpg,4,4
train_ISIC_0028225.jpg,4,4
train_ISIC_0028709.jpg,4,4
train_ISIC_0032699.jpg,4,4
train_ISIC_0031310.jpg,4,4
train_ISIC_0031746.jpg,4,2
train_ISIC_0033117.jpg,4,4
train_ISIC_0033317.jpg,4,4
train_ISIC_0026558.jpg,4,4
train_ISIC_0030828.jpg,4,4
train_ISIC_0032569.jpg,4,4
train_ISIC_0024999.jpg,4,4
train_ISIC_0024333.jpg,4,2
train_ISIC_0026086.jpg,4,4
train_ISIC_0028220.jpg,4,4
train_ISIC_0024644.jpg,4,0
train_ISIC_0031389.jpg,4,4
train_ISIC_0030183.jpg,4,4
train_ISIC_0032430.jpg,4,1
train_ISIC_0029632.jpg,4,4
train_ISIC_0024525.jpg,4,1
train_ISIC_0030356.jpg,4,4
train_ISIC_0031517.jpg,4,4
train_ISIC_0025814.jpg,4,4
train_ISIC_0026746.jpg,4,4
train_ISIC_0033713.jpg,4,4
train_ISIC_0030883.jpg,4,4
train_ISIC_0033240.jpg,4,4
train_ISIC_0033498.jpg,4,4
train_ISIC_0030047.jpg,4,4
train_ISIC_0028537.jpg,4,4
train_ISIC_0029241.jpg,4,2
train_ISIC_0034145.jpg,4,4
train_ISIC_0032629.jpg,4,4
train_ISIC_0026314.jpg,4,2
train_ISIC_0025277.jpg,4,4
train_ISIC_0031410.jpg,4,4
train_ISIC_0030681.jpg,4,4
train_ISIC_0033856.jpg,4,4
train_ISIC_0025127.jpg,4,4
train_ISIC_0025128.jpg,4,4
train_ISIC_0031368.jpg,4,2
train_ISIC_0033834.jpg,4,4
train_ISIC_0028968.jpg,4,4
train_ISIC_0032190.jpg,4,4
train_ISIC_0027069.jpg,4,4
train_ISIC_0025085.jpg,4,4
train_ISIC_0034048.jpg,4,4
train_ISIC_0034132.jpg,4,4
train_ISIC_0033141.jpg,4,2
train_ISIC_0032626.jpg,4,4
train_ISIC_0026586.jpg,4,4
train_ISIC_0033424.jpg,4,0
train_ISIC_0033820.jpg,4,4
train_ISIC_0029434.jpg,4,4
train_ISIC_0032662.jpg,4,4
train_ISIC_0027387.jpg,4,4
train_ISIC_0033931.jpg,4,4
train_ISIC_0031778.jpg,4,2
train_ISIC_0027507.jpg,4,4
train_ISIC_0031369.jpg,4,2
train_ISIC_0031718.jpg,4,4
train_ISIC_0024729.jpg,4,4
train_ISIC_0034239.jpg,4,4
train_ISIC_0028777.jpg,4,4
train_ISIC_0033426.jpg,4,4
train_ISIC_0030223.jpg,4,4
train_ISIC_0032547.jpg,4,4
train_ISIC_0028878.jpg,4,4
train_ISIC_0034087.jpg,4,1
train_ISIC_0027100.jpg,4,4
train_ISIC_0032892.jpg,4,4
train_ISIC_0034107.jpg,4,4
train_ISIC_0033042.jpg,4,2
train_ISIC_0029512.jpg,4,2
train_ISIC_0030083.jpg,4,4
train_ISIC_0033953.jpg,4,4
train_ISIC_0034211.jpg,4,4
train_ISIC_0032985.jpg,4,4
train_ISIC_0034317.jpg,4,4
train_ISIC_0027651.jpg,4,4
train_ISIC_0026622.jpg,4,4
train_ISIC_0025268.jpg,4,4
train_ISIC_0032982.jpg,4,5
train_ISIC_0032684.jpg,4,4
train_ISIC_0029209.jpg,4,4
train_ISIC_0024310.jpg,4,4
train_ISIC_0028548.jpg,4,4
train_ISIC_0028642.jpg,4,4
train_ISIC_0033638.jpg,4,4
train_ISIC_0029933.jpg,4,4
train_ISIC_0029271.jpg,4,2
train_ISIC_0032736.jpg,4,4
train_ISIC_0025941.jpg,4,4
train_ISIC_0025791.jpg,4,1
train_ISIC_0033700.jpg,4,4
train_ISIC_0029547.jpg,4,4
train_ISIC_0029571.jpg,4,5
train_ISIC_0034104.jpg,4,4
train_ISIC_0026420.jpg,4,4
train_ISIC_0033687.jpg,4,4
train_ISIC_0026360.jpg,4,4
train_ISIC_0032592.jpg,4,6
train_ISIC_0033415.jpg,4,4
train_ISIC_0024958.jpg,4,2
train_ISIC_0028317.jpg,4,4
train_ISIC_0033533.jpg,4,4
train_ISIC_0027797.jpg,4,4
train_ISIC_0032722.jpg,4,4
train_ISIC_0033336.jpg,4,2
train_ISIC_0032823.jpg,4,4
train_ISIC_0030521.jpg,4,5
train_ISIC_0033274.jpg,4,4
train_ISIC_0026115.jpg,4,4
train_ISIC_0032723.jpg,4,4
train_ISIC_0032750.jpg,4,4
train_ISIC_0027328.jpg,4,4
train_ISIC_0033286.jpg,4,4
train_ISIC_0033196.jpg,4,4
train_ISIC_0028915.jpg,4,3
train_ISIC_0026247.jpg,4,4
train_ISIC_0033520.jpg,4,4
train_ISIC_0034118.jpg,4,4
train_ISIC_0032955.jpg,4,4
train_ISIC_0032685.jpg,4,4
train_ISIC_0030002.jpg,4,2
train_ISIC_0026811.jpg,4,4
train_ISIC_0028718.jpg,4,4
train_ISIC_0033238.jpg,4,2
train_ISIC_0026930.jpg,4,4
train_ISIC_0027030.jpg,4,4
train_ISIC_0032509.jpg,4,4
train_ISIC_0025235.jpg,4,4
train_ISIC_0033905.jpg,4,4
train_ISIC_0025313.jpg,4,4
train_ISIC_0029958.jpg,4,0
train_ISIC_0025105.jpg,4,4
train_ISIC_0033708.jpg,4,0
train_ISIC_0033925.jpg,4,4
train_ISIC_0026950.jpg,4,4
train_ISIC_0033125.jpg,4,4
train_ISIC_0031958.jpg,4,4
train_ISIC_0028325.jpg,4,4
train_ISIC_0032476.jpg,4,2
train_ISIC_0034034.jpg,4,4
train_ISIC_0030443.jpg,4,4
train_ISIC_0033619.jpg,4,4
train_ISIC_0028512.jpg,4,4
train_ISIC_0032596.jpg,4,4
train_ISIC_0024864.jpg,4,4
train_ISIC_0032690.jpg,4,4
train_ISIC_0033754.jpg,4,4
train_ISIC_0031077.jpg,4,4
train_ISIC_0031118.jpg,4,3
train_ISIC_0030440.jpg,4,4
train_ISIC_0030747.jpg,4,4
train_ISIC_0034012.jpg,4,4
train_ISIC_0033479.jpg,4,4
train_ISIC_0033454.jpg,4,4
train_ISIC_0033814.jpg,4,4
train_ISIC_0032976.jpg,4,4
train_ISIC_0033178.jpg,4,4
train_ISIC_0034316.jpg,4,4
train_ISIC_0026236.jpg,4,4
train_ISIC_0024496.jpg,4,4
train_ISIC_0027742.jpg,4,4
train_ISIC_0028415.jpg,4,4
train_ISIC_0027721.jpg,4,4
train_ISIC_0033942.jpg,4,4
train_ISIC_0030995.jpg,4,4
train_ISIC_0027174.jpg,4,4
train_ISIC_0033074.jpg,4,4
train_ISIC_0031844.jpg,4,2
train_ISIC_0033300.jpg,4,4
train_ISIC_0025543.jpg,4,0
train_ISIC_0033027.jpg,4,4
train_ISIC_0033570.jpg,4,4
train_ISIC_0025324.jpg,4,4
train_ISIC_0029238.jpg,4,4
train_ISIC_0034050.jpg,4,4
train_ISIC_0028065.jpg,4,4
train_ISIC_0025153.jpg,4,4
train_ISIC_0026281.jpg,4,4
train_ISIC_0030760.jpg,4,4
train_ISIC_0027067.jpg,4,2
train_ISIC_0031170.jpg,4,2
train_ISIC_0034089.jpg,4,4
train_ISIC_0029454.jpg,4,4
train_ISIC_0025303.jpg,4,2
train_ISIC_0024961.jpg,4,4
train_ISIC_0028410.jpg,4,4
train_ISIC_0026571.jpg,4,4
train_ISIC_0032396.jpg,4,4
train_ISIC_0028900.jpg,4,4
train_ISIC_0027144.jpg,4,4
train_ISIC_0033980.jpg,4,4
train_ISIC_0025724.jpg,4,4
train_ISIC_0029028.jpg,4,4
train_ISIC_0034120.jpg,4,4
train_ISIC_0033183.jpg,4,2
train_ISIC_0033886.jpg,4,4
train_ISIC_0029081.jpg,4,4
train_ISIC_0034205.jpg,4,2
train_ISIC_0033452.jpg,4,4
train_ISIC_0027616.jpg,4,4
train_ISIC_0028291.jpg,4,4
train_ISIC_0032081.jpg,4,4
train_ISIC_0029705.jpg,4,4
train_ISIC_0026802.jpg,4,4
train_ISIC_0025188.jpg,4,4
train_ISIC_0027793.jpg,4,5
train_ISIC_0031795.jpg,4,4
train_ISIC_0032965.jpg,4,4
train_ISIC_0025265.jpg,4,5
train_ISIC_0033440.jpg,4,4
train_ISIC_0033593.jpg,4,4
train_ISIC_0033679.jpg,4,3
train_ISIC_0032856.jpg,4,4
train_ISIC_0029265.jpg,4,4
train_ISIC_0026268.jpg,4,4
train_ISIC_0027043.jpg,4,4
train_ISIC_0028773.jpg,4,4
train_ISIC_0032522.jpg,4,4
train_ISIC_0034100.jpg,4,4
train_ISIC_0032695.jpg,4,4
train_ISIC_0031479.jpg,4,4
train_ISIC_0032810.jpg,4,4
train_ISIC_0027063.jpg,4,4
train_ISIC_0026694.jpg,4,4
train_ISIC_0028565.jpg,4,4
train_ISIC_0033175.jpg,4,2
train_ISIC_0028442.jpg,4,2
train_ISIC_0034046.jpg,4,4
train_ISIC_0027838.jpg,4,4
train_ISIC_0032869.jpg,4,1
train_ISIC_0033299.jpg,4,4
train_ISIC_0032550.jpg,4,4
train_ISIC_0032903.jpg,4,1
train_ISIC_0033024.jpg,4,1
train_ISIC_0032583.jpg,4,1
train_ISIC_0030784.jpg,4,4
train_ISIC_0024918.jpg,4,4
train_ISIC_0029660.jpg,4,4
train_ISIC_0034159.jpg,4,4
train_ISIC_0026369.jpg,4,4
train_ISIC_0032447.jpg,4,4
train_ISIC_0033848.jpg,4,4
train_ISIC_0028505.jpg,4,2
train_ISIC_0032653.jpg,4,5
train_ISIC_0031711.jpg,4,4
train_ISIC_0033559.jpg,4,4
train_ISIC_0029318.jpg,4,2
train_ISIC_0033337.jpg,4,2
train_ISIC_0032630.jpg,4,4
train_ISIC_0025832.jpg,4,4
train_ISIC_0033562.jpg,4,4
train_ISIC_0034269.jpg,4,4
train_ISIC_0032812.jpg,4,5
train_ISIC_0034150.jpg,4,2
train_ISIC_0032774.jpg,4,4
train_ISIC_0025603.jpg,4,4
train_ISIC_0033668.jpg,4,0
train_ISIC_0024806.jpg,4,4
train_ISIC_0033975.jpg,4,4
train_ISIC_0025391.jpg,4,4
train_ISIC_0032220.jpg,4,1
train_ISIC_0031598.jpg,4,4
train_ISIC_0033278.jpg,4,4
train_ISIC_0025394.jpg,4,4
train_ISIC_0033704.jpg,4,3
train_ISIC_0033999.jpg,4,4
train_ISIC_0029495.jpg,4,4
train_ISIC_0033728.jpg,4,4
train_ISIC_0033405.jpg,4,2
train_ISIC_0028655.jpg,4,4
train_ISIC_0033055.jpg,4,4
train_ISIC_0031233.jpg,4,4
train_ISIC_0030604.jpg,4,4
train_ISIC_0024688.jpg,4,4
train_ISIC_0028056.jpg,4,2
train_ISIC_0028227.jpg,4,4
train_ISIC_0032287.jpg,4,4
train_ISIC_0030575.jpg,4,4
train_ISIC_0032019.jpg,4,4
train_ISIC_0027604.jpg,4,4
train_ISIC_0033193.jpg,4,4
train_ISIC_0032110.jpg,4,4
train_ISIC_0026897.jpg,4,4
train_ISIC_0028666.jpg,4,4
train_ISIC_0032888.jpg,4,4
train_ISIC_0028930.jpg,4,4
train_ISIC_0029172.jpg,4,4
train_ISIC_0033477.jpg,4,4
train_ISIC_0033651.jpg,4,4
train_ISIC_0031386.jpg,4,2
train_ISIC_0033302.jpg,4,4
train_ISIC_0028218.jpg,4,4
train_ISIC_0028148.jpg,4,4
train_ISIC_0032637.jpg,4,4
train_ISIC_0032232.jpg,4,4
train_ISIC_0033819.jpg,4,4
train_ISIC_0031900.jpg,4,4
train_ISIC_0026738.jpg,4,2
train_ISIC_0025145.jpg,4,4
train_ISIC_0028929.jpg,4,4
train_ISIC_0028326.jpg,4,4
train_ISIC_0029212.jpg,4,4
train_ISIC_0028228.jpg,4,4
train_ISIC_0031931.jpg,4,4
train_ISIC_0034068.jpg,4,4
train_ISIC_0027234.jpg,4,4
train_ISIC_0024624.jpg,4,2
train_ISIC_0025035.jpg,4,4
train_ISIC_0025708.jpg,4,4
train_ISIC_0032564.jpg,4,2
train_ISIC_0033545.jpg,4,4
train_ISIC_0031666.jpg,4,4
train_ISIC_0029591.jpg,4,4
train_ISIC_0033612.jpg,4,4
train_ISIC_0032204.jpg,4,4
train_ISIC_0033154.jpg,4,4
train_ISIC_0034141.jpg,4,4
train_ISIC_0034263.jpg,4,4
train_ISIC_0030390.jpg,4,4
train_ISIC_0033416.jpg,4,4
train_ISIC_0026796.jpg,4,2
train_ISIC_0024929.jpg,4,4
train_ISIC_0030187.jpg,4,4
train_ISIC_0032441.jpg,4,4
train_ISIC_0028087.jpg,4,4
train_ISIC_0028685.jpg,4,1
train_ISIC_0033696.jpg,4,4
train_ISIC_0033496.jpg,4,4
train_ISIC_0029839.jpg,4,4
train_ISIC_0033037.jpg,4,1
train_ISIC_0034061.jpg,4,4
train_ISIC_0032098.jpg,4,4
train_ISIC_0024545.jpg,4,4
train_ISIC_0033268.jpg,4,4
train_ISIC_0031034.jpg,4,2
train_ISIC_0024911.jpg,4,4
train_ISIC_0032672.jpg,4,4
train_ISIC_0025744.jpg,4,2
train_ISIC_0030106.jpg,4,4
train_ISIC_0028075.jpg,4,0
train_ISIC_0028965.jpg,4,4
train_ISIC_0031189.jpg,4,4
train_ISIC_0027125.jpg,4,4
train_ISIC_0033470.jpg,4,4
train_ISIC_0033323.jpg,4,4
train_ISIC_0026770.jpg,4,4
train_ISIC_0024640.jpg,4,4
train_ISIC_0028467.jpg,4,4
train_ISIC_0032036.jpg,4,2
train_ISIC_0033431.jpg,4,1
train_ISIC_0026690.jpg,4,2
train_ISIC_0030539.jpg,4,2
train_ISIC_0029642.jpg,4,4
train_ISIC_0029740.jpg,4,4
train_ISIC_0030564.jpg,4,1
train_ISIC_0030695.jpg,4,4
train_ISIC_0028969.jpg,4,4
train_ISIC_0030255.jpg,4,4
train_ISIC_0024647.jpg,4,2
train_ISIC_0031406.jpg,4,4
train_ISIC_0033986.jpg,4,4
train_ISIC_0024952.jpg,4,4
train_ISIC_0025414.jpg,4,1
train_ISIC_0033047.jpg,4,4
train_ISIC_0028984.jpg,4,1
train_ISIC_0033526.jpg,4,4
train_ISIC_0024702.jpg,4,4
train_ISIC_0025195.jpg,4,4
train_ISIC_0031087.jpg,4,4
train_ISIC_0029089.jpg,4,1
train_ISIC_0033901.jpg,4,4
train_ISIC_0024351.jpg,4,4
train_ISIC_0028156.jpg,4,4
train_ISIC_0031005.jpg,4,1
train_ISIC_0030616.jpg,4,1
train_ISIC_0032531.jpg,4,4
train_ISIC_0029819.jpg,4,4
train_ISIC_0028041.jpg,4,4
train_ISIC_0034085.jpg,4,2
train_ISIC_0033429.jpg,4,4
train_ISIC_0030423.jpg,4,4
train_ISIC_0029558.jpg,4,4
train_ISIC_0033392.jpg,4,4
train_ISIC_0029473.jpg,4,4
train_ISIC_0034006.jpg,4,4
train_ISIC_0032269.jpg,4,1
train_ISIC_0031554.jpg,4,4
train_ISIC_0033216.jpg,4,4
train_ISIC_0028519.jpg,4,4
train_ISIC_0029013.jpg,4,5
train_ISIC_0027089.jpg,4,4
train_ISIC_0032936.jpg,4,4
train_ISIC_0034222.jpg,4,2
train_ISIC_0033038.jpg,4,4
train_ISIC_0027964.jpg,4,4
train_ISIC_0032879.jpg,4,4
train_ISIC_0034216.jpg,4,4
train_ISIC_0030360.jpg,4,2
train_ISIC_0032724.jpg,4,4
train_ISIC_0032698.jpg,4,4
train_ISIC_0026545.jpg,4,2
train_ISIC_0026167.jpg,4,4
train_ISIC_0026516.jpg,4,4
train_ISIC_0026105.jpg,4,4
train_ISIC_0029909.jpg,4,0
train_ISIC_0026258.jpg,4,4
train_ISIC_0031350.jpg,4,4
train_ISIC_0024900.jpg,4,2
train_ISIC_0032597.jpg,4,4
train_ISIC_0027402.jpg,4,1
train_ISIC_0030901.jpg,4,4
train_ISIC_0029606.jpg,4,4
train_ISIC_0028582.jpg,4,4
train_ISIC_0034002.jpg,4,4
train_ISIC_0029780.jpg,4,4
train_ISIC_0030165.jpg,4,4
train_ISIC_0026664.jpg,4,4
train_ISIC_0031529.jpg,4,4
train_ISIC_0027260.jpg,4,4
train_ISIC_0025651.jpg,4,4
train_ISIC_0024700.jpg,4,5
train_ISIC_0033603.jpg,4,3
train_ISIC_0030366.jpg,4,5
train_ISIC_0028696.jpg,4,4
train_ISIC_0028051.jpg,4,4
train_ISIC_0032645.jpg,4,2
train_ISIC_0025155.jpg,4,4
train_ISIC_0032940.jpg,4,4
train_ISIC_0027502.jpg,4,4
train_ISIC_0031494.jpg,4,4
train_ISIC_0024987.jpg,4,4
train_ISIC_0033967.jpg,4,2
train_ISIC_0032044.jpg,4,4
train_ISIC_0032598.jpg,4,4
train_ISIC_0027561.jpg,4,2
train_ISIC_0031498.jpg,4,4
train_ISIC_0030080.jpg,4,4
train_ISIC_0033120.jpg,4,4
train_ISIC_0025891.jpg,4,4
train_ISIC_0026847.jpg,4,4
train_ISIC_0032862.jpg,4,4
train_ISIC_0026774.jpg,4,4
train_ISIC_0034064.jpg,4,4
train_ISIC_0027693.jpg,4,4
train_ISIC_0025987.jpg,4,4
train_ISIC_0029726.jpg,4,2
train_ISIC_0024313.jpg,4,4
train_ISIC_0031709.jpg,4,4
train_ISIC_0032466.jpg,4,4
train_ISIC_0033863.jpg,4,2
train_ISIC_0028069.jpg,4,4
train_ISIC_0033103.jpg,4,4
train_ISIC_0033180.jpg,4,4
train_ISIC_0025800.jpg,4,4
train_ISIC_0032400.jpg,4,4
train_ISIC_0033956.jpg,4,4
train_ISIC_0025592.jpg,4,4
train_ISIC_0030417.jpg,4,0
train_ISIC_0026081.jpg,4,4
train_ISIC_0031586.jpg,4,4
train_ISIC_0029570.jpg,4,4
train_ISIC_0026239.jpg,4,4
train_ISIC_0028022.jpg,4,4
train_ISIC_0027350.jpg,4,4
train_ISIC_0033883.jpg,4,4
train_ISIC_0028465.jpg,4,4
train_ISIC_0034162.jpg,4,4
train_ISIC_0024516.jpg,4,4
train_ISIC_0031377.jpg,4,4
train_ISIC_0026868.jpg,4,1
train_ISIC_0031543.jpg,4,4
train_ISIC_0025132.jpg,4,4
train_ISIC_0029893.jpg,4,2
train_ISIC_0032544.jpg,4,4
train_ISIC_0033804.jpg,4,4
train_ISIC_0033812.jpg,4,2
train_ISIC_0028508.jpg,4,4
train_ISIC_0024739.jpg,4,2
train_ISIC_0027776.jpg,4,2
train_ISIC_0029859.jpg,4,5
train_ISIC_0032511.jpg,4,4
train_ISIC_0024930.jpg,4,4
train_ISIC_0024733.jpg,4,2
train_ISIC_0028361.jpg,4,4
train_ISIC_0028847.jpg,4,4
train_ISIC_0026989.jpg,4,4
train_ISIC_0031023.jpg,4,4
train_ISIC_0026976.jpg,4,4
train_ISIC_0028306.jpg,4,4
train_ISIC_0025450.jpg,4,4
train_ISIC_0028567.jpg,4,4
train_ISIC_0033129.jpg,4,4
train_ISIC_0028215.jpg,4,4
train_ISIC_0033653.jpg,4,4
train_ISIC_0027663.jpg,4,4
train_ISIC_0028760.jpg,4,5
train_ISIC_0031013.jpg,4,4
train_ISIC_0024459.jpg,4,2
train_ISIC_0033578.jpg,4,4
train_ISIC_0031890.jpg,4,4
train_ISIC_0033267.jpg,4,4
train_ISIC_0033985.jpg,4,4
train_ISIC_0025927.jpg,4,4
train_ISIC_0029914.jpg,4,4
train_ISIC_0027263.jpg,4,4
train_ISIC_0064960.jpg,6,6
train_ISIC_0055342.jpg,6,6
train_ISIC_0029877.jpg,6,6
train_ISIC_0070103.jpg,6,6
train_ISIC_0024402.jpg,6,6
train_ISIC_0029404.jpg,6,6
train_ISIC_0033458.jpg,6,6
train_ISIC_0025807.jpg,6,6
train_ISIC_0027256.jpg,6,6
train_ISIC_0031215.jpg,6,6
train_ISIC_0030275.jpg,6,6
train_ISIC_0056264.jpg,6,6
train_ISIC_0032557.jpg,6,6
train_ISIC_0026092.jpg,6,6
train_ISIC_0025707.jpg,6,6
train_ISIC_0032866.jpg,6,6
train_ISIC_0034196.jpg,6,6
train_ISIC_0053779.jpg,6,6
train_ISIC_0032057.jpg,6,6
train_ISIC_0026467.jpg,6,6
train_ISIC_0027983.jpg,6,6
train_ISIC_0070113.jpg,6,6
train_ISIC_0055280.jpg,6,6
train_ISIC_0032545.jpg,6,6
train_ISIC_0072919.jpg,6,6
train_ISIC_0024662.jpg,6,6
train_ISIC_0031093.jpg,6,6
train_ISIC_0061276.jpg,6,6
train_ISIC_0073110.jpg,6,6
train_ISIC_0071383.jpg,6,6
train_ISIC_0059498.jpg,6,6
train_ISIC_0065439.jpg,6,6
train_ISIC_0032890.jpg,6,6
train_ISIC_0025599.jpg,6,6
train_ISIC_0030770.jpg,6,6
train_ISIC_0062653.jpg,6,6
train_ISIC_0031950.jpg,6,6
train_ISIC_0025578.jpg,6,6
train_ISIC_0054903.jpg,6,6
train_ISIC_0064283.jpg,6,6
train_ISIC_0072012.jpg,6,6
train_ISIC_0066461.jpg,6,6
train_ISIC_0064861.jpg,6,6
train_ISIC_0030104.jpg,6,6
train_ISIC_0031706.jpg,6,6
train_ISIC_0026336.jpg,6,6
train_ISIC_0029439.jpg,6,6
train_ISIC_0068870.jpg,6,6
train_ISIC_0066504.jpg,6,6
train_ISIC_0025197.jpg,6,6
train_ISIC_0031719.jpg,6,6
train_ISIC_0025244.jpg,6,6
train_ISIC_0031103.jpg,6,6
train_ISIC_0032715.jpg,6,6
train_ISIC_0067807.jpg,6,6
train_ISIC_0026693.jpg,6,6
train_ISIC_0055316.jpg,6,1
train_ISIC_0065784.jpg,6,6
train_ISIC_0033254.jpg,6,6
train_ISIC_0033230.jpg,6,6
train_ISIC_0033135.jpg,6,6
train_ISIC_0054463.jpg,6,6
train_ISIC_0073031.jpg,6,6
train_ISIC_0059484.jpg,6,6
train_ISIC_0058542.jpg,6,6
train_ISIC_0072651.jpg,6,6
train_ISIC_0058394.jpg,6,6
train_ISIC_0034214.jpg,6,6
train_ISIC_0058737.jpg,6,6
train_ISIC_0064409.jpg,6,6
train_ISIC_0031065.jpg,6,6
train_ISIC_0033591.jpg,6,6
train_ISIC_0032919.jpg,6,6
train_ISIC_0058211.jpg,6,6
train_ISIC_0060699.jpg,6,6
train_ISIC_0025677.jpg,6,6
train_ISIC_0028714.jpg,6,6
train_ISIC_0028188.jpg,6,6
train_ISIC_0065149.jpg,6,6
train_ISIC_0027903.jpg,6,6
train_ISIC_0072479.jpg,6,6
train_ISIC_0025596.jpg,6,6
train_ISIC_0067336.jpg,6,6
train_ISIC_0059295.jpg,6,6
train_ISIC_0033158.jpg,6,6
train_ISIC_0071298.jpg,6,6
train_ISIC_0027888.jpg,6,6
train_ISIC_0031090.jpg,6,6
train_ISIC_0061557.jpg,6,6
train_ISIC_0033450.jpg,6,6
train_ISIC_0025612.jpg,6,6
train_ISIC_0071543.jpg,6,6
train_ISIC_0033969.jpg,6,6
train_ISIC_0024706.jpg,6,6
train_ISIC_0070904.jpg,6,6
train_ISIC_0032745.jpg,6,6
train_ISIC_0064621.jpg,6,6
train_ISIC_0071155.jpg,6,6
train_ISIC_0024904.jpg,6,6
train_ISIC_0071024.jpg,6,6
train_ISIC_0024475.jpg,6,6
train_ISIC_0031197.jpg,6,6
train_ISIC_0068281.jpg,6,6
train_ISIC_0025321.jpg,6,6
train_ISIC_0026456.jpg,6,6
train_ISIC_0033608.jpg,6,6
train_ISIC_0030956.jpg,6,6
train_ISIC_0059479.jpg,6,6
train_ISIC_0071337.jpg,6,6
train_ISIC_0026713.jpg,6,6
train_ISIC_0064682.jpg,6,6
train_ISIC_0027522.jpg,6,6
train_ISIC_0070616.jpg,6,6
train_ISIC_0061878.jpg,6,6
train_ISIC_0067355.jpg,6,6
train_ISIC_0058347.jpg,6,6
train_ISIC_0065906.jpg,6,6
train_ISIC_0066446.jpg,6,6
train_ISIC_0071557.jpg,6,6
train_ISIC_0059260.jpg,6,6
train_ISIC_0060821.jpg,6,6
train_ISIC_0060499.jpg,6,6
train_ISIC_0027385.jpg,6,6
train_ISIC_0057295.jpg,6,6
train_ISIC_0068484.jpg,6,6
train_ISIC_0025452.jpg,6,6
train_ISIC_0054532.jpg,6,6
train_ISIC_0025873.jpg,6,6
train_ISIC_0027665.jpg,6,6
train_ISIC_0029486.jpg,6,1
train_ISIC_0062550.jpg,6,6
train_ISIC_0025250.jpg,6,6
train_ISIC_0032692.jpg,6,6
train_ISIC_0033844.jpg,6,6
train_ISIC_0031996.jpg,6,6
train_ISIC_0028163.jpg,6,6
train_ISIC_0029514.jpg,6,6
train_ISIC_0059298.jpg,6,6
train_ISIC_0066897.jpg,6,6
train_ISIC_0027790.jpg,6,6
train_ISIC_0031759.jpg,6,6
train_ISIC_0031201.jpg,6,6
train_ISIC_0028431.jpg,6,6
train_ISIC_0064315.jpg,6,6
train_ISIC_0072937.jpg,6,6
train_ISIC_0067382.jpg,6,6
train_ISIC_0032270.jpg,6,6
train_ISIC_0029099.jpg,6,6
train_ISIC_0024747.jpg,6,6
train_ISIC_0064953.jpg,6,6
train_ISIC_0024669.jpg,6,6
train_ISIC_0055352.jpg,6,6
train_ISIC_0070716.jpg,6,6
train_ISIC_0026163.jpg,6,6
train_ISIC_0068387.jpg,6,6
train_ISIC_0033123.jpg,6,6
train_ISIC_0032775.jpg,6,6
train_ISIC_0061280.jpg,6,6
train_ISIC_0071267.jpg,6,6
train_ISIC_0031648.jpg,6,6
train_ISIC_0070356.jpg,6,6
train_ISIC_0026490.jpg,6,6
train_ISIC_0061611.jpg,6,6
train_ISIC_0055650.jpg,6,6
train_ISIC_0030283.jpg,6,6
train_ISIC_0033092.jpg,6,6
train_ISIC_0055446.jpg,6,6
train_ISIC_0032839.jpg,6,6
train_ISIC_0025425.jpg,6,6
train_ISIC_0029742.jpg,6,6
train_ISIC_0071044.jpg,6,6
train_ISIC_0069242.jpg,6,6
train_ISIC_0032240.jpg,6,6
train_ISIC_0071787.jpg,6,6
train_ISIC_0027937.jpg,6,6
train_ISIC_0028406.jpg,6,6
train_ISIC_0030882.jpg,6,6
train_ISIC_0064323.jpg,6,6
train_ISIC_0025628.jpg,6,6
train_ISIC_0028680.jpg,6,6
train_ISIC_0068877.jpg,6,6
train_ISIC_0025249.jpg,6,6
train_ISIC_0070899.jpg,6,6
train_ISIC_0031955.jpg,6,6
train_ISIC_0028146.jpg,6,6
train_ISIC_0067166.jpg,6,6
train_ISIC_0031901.jpg,6,1
train_ISIC_0070526.jpg,6,6
train_ISIC_0026068.jpg,6,6
train_ISIC_0030722.jpg,6,6
train_ISIC_0070703.jpg,6,6
train_ISIC_0070723.jpg,6,6
train_ISIC_0065503.jpg,6,6
train_ISIC_0033991.jpg,6,6
train_ISIC_0029608.jpg,6,6
train_ISIC_0032409.jpg,6,6
train_ISIC_0067285.jpg,6,6
train_ISIC_0025606.jpg,6,6
train_ISIC_0033031.jpg,6,6
train_ISIC_0030606.jpg,6,6
train_ISIC_0027672.jpg,6,6
train_ISIC_0031276.jpg,6,6
train_ISIC_0060809.jpg,3,3
train_ISIC_0057453.jpg,3,3
train_ISIC_0053857.jpg,3,3
train_ISIC_0061232.jpg,3,3
train_ISIC_0066632.jpg,3,3
train_ISIC_0024845.jpg,3,3
train_ISIC_0026254.jpg,3,3
train_ISIC_0064029.jpg,3,3
train_ISIC_0024318.jpg,3,3
train_ISIC_0061605.jpg,3,3
train_ISIC_0024330.jpg,3,3
train_ISIC_0058032.jpg,3,3
train_ISIC_0030011.jpg,3,2
train_ISIC_0054702.jpg,3,3
train_ISIC_0061904.jpg,3,3
train_ISIC_0025911.jpg,3,3
train_ISIC_0057745.jpg,3,3
train_ISIC_0066648.jpg,3,3
train_ISIC_0025504.jpg,3,3
train_ISIC_0058296.jpg,3,3
train_ISIC_0059494.jpg,3,3
train_ISIC_0034135.jpg,3,3
train_ISIC_0025668.jpg,3,3
train_ISIC_0030555.jpg,3,3
train_ISIC_0025154.jpg,3,3
train_ISIC_0029052.jpg,3,3
train_ISIC_0027216.jpg,3,3
train_ISIC_0065239.jpg,3,3
train_ISIC_0069303.jpg,3,3
train_ISIC_0030427.jpg,3,3
train_ISIC_0066239.jpg,3,3
train_ISIC_0029177.jpg,3,3
train_ISIC_0029783.jpg,3,3
train_ISIC_0070875.jpg,3,3
train_ISIC_0031309.jpg,3,3
train_ISIC_0067025.jpg,3,3
train_ISIC_0031799.jpg,3,3
train_ISIC_0053936.jpg,3,3
train_ISIC_0032468.jpg,3,3
train_ISIC_0025223.jpg,3,3
train_ISIC_0060327.jpg,3,3
train_ISIC_0070730.jpg,3,3
train_ISIC_0072137.jpg,3,3
train_ISIC_0055121.jpg,3,3
train_ISIC_0031827.jpg,3,1
train_ISIC_0028346.jpg,3,1
train_ISIC_0059028.jpg,3,3
train_ISIC_0033675.jpg,3,3
train_ISIC_0025314.jpg,3,3
train_ISIC_0028735.jpg,3,3
train_ISIC_0029297.jpg,3,3
train_ISIC_0056307.jpg,3,3
train_ISIC_0033860.jpg,3,3
train_ISIC_0026313.jpg,3,3
train_ISIC_0027598.jpg,3,3
train_ISIC_0026789.jpg,3,3
train_ISIC_0028926.jpg,3,4
train_ISIC_0054555.jpg,3,3
train_ISIC_0063817.jpg,3,3
train_ISIC_0071418.jpg,3,3
train_ISIC_0031429.jpg,3,3
train_ISIC_0062226.jpg,3,3
train_ISIC_0027876.jpg,3,3
train_ISIC_0053519.jpg,3,3
train_ISIC_0033808.jpg,3,3
train_ISIC_0027107.jpg,3,1
train_ISIC_0070460.jpg,3,3
train_ISIC_0030830.jpg,3,3
train_ISIC_0029130.jpg,3,2
train_ISIC_0067414.jpg,3,3
train_ISIC_0028651.jpg,3,3
train_ISIC_0027488.jpg,3,3
train_ISIC_0057792.jpg,3,3
train_ISIC_0062697.jpg,3,3
train_ISIC_0025302.jpg,3,1
train_ISIC_0026471.jpg,3,3
train_ISIC_0064413.jpg,3,3
train_ISIC_0033847.jpg,3,3
train_ISIC_0073112.jpg,3,3
train_ISIC_0029973.jpg,3,3
train_ISIC_0063039.jpg,3,0
train_ISIC_0030665.jpg,3,3
train_ISIC_0025903.jpg,3,3
train_ISIC_0068803.jpg,3,3
train_ISIC_0033256.jpg,3,3
train_ISIC_0054918.jpg,3,3
train_ISIC_0025622.jpg,3,3
train_ISIC_0062455.jpg,3,3
train_ISIC_0067762.jpg,3,3
train_ISIC_0033626.jpg,3,3
train_ISIC_0056996.jpg,3,3
train_ISIC_0067362.jpg,3,3
train_ISIC_0030579.jpg,3,3
train_ISIC_0056280.jpg,3,3
train_ISIC_0029962.jpg,3,3
train_ISIC_0030321.jpg,3,3
train_ISIC_0034169.jpg,3,3
train_ISIC_0058673.jpg,3,3
train_ISIC_0033790.jpg,3,3
train_ISIC_0072193.jpg,3,3
train_ISIC_0033422.jpg,3,3
train_ISIC_0067186.jpg,3,3
train_ISIC_0031372.jpg,3,3
train_ISIC_0064502.jpg,3,3
train_ISIC_0069930.jpg,3,3
train_ISIC_0069653.jpg,3,3
train_ISIC_0033554.jpg,3,3
train_ISIC_0054425.jpg,3,3
train_ISIC_0067434.jpg,3,3
train_ISIC_0024396.jpg,3,3
train_ISIC_0064930.jpg,3,3
train_ISIC_0032642.jpg,3,3
train_ISIC_0031358.jpg,3,3
train_ISIC_0054142.jpg,3,3
train_ISIC_0066917.jpg,3,3
train_ISIC_0065502.jpg,3,3
train_ISIC_0054978.jpg,3,3
train_ISIC_0029578.jpg,3,3
train_ISIC_0031002.jpg,3,3
train_ISIC_0055571.jpg,3,3
train_ISIC_0025594.jpg,3,3
train_ISIC_0072970.jpg,3,3
train_ISIC_0027613.jpg,3,3
train_ISIC_0027727.jpg,3,3
train_ISIC_0032247.jpg,3,3
train_ISIC_0056495.jpg,3,3
train_ISIC_0029248.jpg,3,3
train_ISIC_0033780.jpg,3,3
train_ISIC_0031443.jpg,3,3
train_ISIC_0026473.jpg,3,3
train_ISIC_0029760.jpg,3,3
train_ISIC_0059504.jpg,3,3
train_ISIC_0070546.jpg,3,3
train_ISIC_0068078.jpg,3,3
train_ISIC_0058401.jpg,3,3
train_ISIC_0027188.jpg,3,3
train_ISIC_0066484.jpg,3,3
train_ISIC_0071998.jpg,3,3
train_ISIC_0071645.jpg,3,3
train_ISIC_0073193.jpg,3,3
train_ISIC_0026629.jpg,3,3
train_ISIC_0069469.jpg,3,3
train_ISIC_0067480.jpg,3,3
train_ISIC_0055258.jpg,3,3
train_ISIC_0030021.jpg,3,3
train_ISIC_0029891.jpg,3,1
train_ISIC_0063831.jpg,3,3
train_ISIC_0033005.jpg,3,3
train_ISIC_0072033.jpg,3,3
train_ISIC_0055667.jpg,3,3
train_ISIC_0027141.jpg,3,3
train_ISIC_0024994.jpg,3,3
train_ISIC_0071425.jpg,3,3
train_ISIC_0054915.jpg,3,3
train_ISIC_0031123.jpg,3,3
train_ISIC_0033695.jpg,3,3
train_ISIC_0071002.jpg,3,3
train_ISIC_0027044.jpg,3,3
train_ISIC_0067060.jpg,3,3
train_ISIC_0029967.jpg,3,3
train_ISIC_0063519.jpg,3,3
train_ISIC_0066002.jpg,3,3
train_ISIC_0032941.jpg,3,3
train_ISIC_0025373.jpg,3,3
train_ISIC_0064115.jpg,3,3
train_ISIC_0060348.jpg,3,3
train_ISIC_0060129.jpg,3,3
train_ISIC_0055308.jpg,3,3
train_ISIC_0060890.jpg,3,3
train_ISIC_0032138.jpg,3,1
train_ISIC_0027648.jpg,3,3
train_ISIC_0069490.jpg,3,3
train_ISIC_0054951.jpg,3,3
train_ISIC_0072045.jpg,3,3
train_ISIC_0071858.jpg,3,3
train_ISIC_0024386.jpg,3,3
train_ISIC_0061959.jpg,3,3
train_ISIC_0031271.jpg,3,3
train_ISIC_0055270.jpg,3,3
train_ISIC_0030015.jpg,3,2
train_ISIC_0066400.jpg,3,3
train_ISIC_0067989.jpg,3,3
train_ISIC_0031735.jpg,3,1
train_ISIC_0058328.jpg,3,3
train_ISIC_0025618.jpg,5,5
train_ISIC_0033359.jpg,5,4
train_ISIC_0026020.jpg,5,5
train_ISIC_0030385.jpg,5,5
train_ISIC_0026975.jpg,5,5
train_ISIC_0024861.jpg,5,2
train_ISIC_0030490.jpg,5,5
train_ISIC_0030392.jpg,5,5
train_ISIC_0025496.jpg,5,5
train_ISIC_0024977.jpg,5,5
train_ISIC_0033887.jpg,5,4
train_ISIC_0028214.jpg,5,5
train_ISIC_0028070.jpg,5,5
train_ISIC_0025002.jpg,5,5
train_ISIC_0025090.jpg,5,5
train_ISIC_0026375.jpg,5,5
train_ISIC_0024826.jpg,5,5
train_ISIC_0024469.jpg,5,5
train_ISIC_0026773.jpg,5,5
train_ISIC_0032053.jpg,5,5
train_ISIC_0029262.jpg,5,5
train_ISIC_0032105.jpg,5,5
train_ISIC_0033172.jpg,5,5
train_ISIC_0031439.jpg,5,5
train_ISIC_0027729.jpg,5,5
train_ISIC_0028243.jpg,5,4
train_ISIC_0030918.jpg,5,5
train_ISIC_0024821.jpg,5,4
train_ISIC_0025938.jpg,5,0
train_ISIC_0027193.jpg,5,5
train_ISIC_0029813.jpg,5,5
train_ISIC_0032352.jpg,5,5
train_ISIC_0025999.jpg,5,5
train_ISIC_0030598.jpg,5,2
train_ISIC_0027361.jpg,5,2
train_ISIC_0029426.jpg,5,5
train_ISIC_0028061.jpg,5,5
train_ISIC_0025245.jpg,5,5
train_ISIC_0029274.jpg,5,5
train_ISIC_0025475.jpg,5,5
train_ISIC_0031185.jpg,5,5
train_ISIC_0029136.jpg,5,5
train_ISIC_0024413.jpg,5,5
train_ISIC_0028379.jpg,5,5
train_ISIC_0028270.jpg,5,5
train_ISIC_0033067.jpg,5,5
train_ISIC_0029063.jpg,5,5
train_ISIC_0027459.jpg,5,5
train_ISIC_0025082.jpg,5,5
train_ISIC_0028506.jpg,5,5
train_ISIC_0032119.jpg,5,5
train_ISIC_0034290.jpg,5,4
train_ISIC_0026449.jpg,5,5
train_ISIC_0028090.jpg,5,5
train_ISIC_0027417.jpg,5,5
train_ISIC_0025726.jpg,5,5
train_ISIC_0032412.jpg,5,4
train_ISIC_0032485.jpg,5,5
train_ISIC_0027111.jpg,5,5
train_ISIC_0028400.jpg,5,1
train_ISIC_0026289.jpg,5,5
train_ISIC_0032158.jpg,5,2
train_ISIC_0028753.jpg,5,5
train_ISIC_0027565.jpg,5,5
train_ISIC_0029675.jpg,5,5
train_ISIC_0033328.jpg,5,5
train_ISIC_0028351.jpg,5,5
train_ISIC_0024664.jpg,5,2
train_ISIC_0026781.jpg,5,2
train_ISIC_0030467.jpg,5,5
train_ISIC_0026447.jpg,5,5
train_ISIC_0027206.jpg,5,5
train_ISIC_0032140.jpg,5,2
train_ISIC_0030570.jpg,5,5
train_ISIC_0028192.jpg,5,5
train_ISIC_0031280.jpg,5,5
train_ISIC_0024357.jpg,5,5
train_ISIC_0031048.jpg,5,1
train_ISIC_0025862.jpg,5,5
train_ISIC_0027443.jpg,5,5
train_ISIC_0025723.jpg,5,5
train_ISIC_0024778.jpg,5,5
train_ISIC_0033213.jpg,5,4
train_ISIC_0032607.jpg,5,4
train_ISIC_0025060.jpg,5,5
train_ISIC_0025168.jpg,5,4
train_ISIC_0027674.jpg,5,5
train_ISIC_0030462.jpg,5,4
train_ISIC_0025147.jpg,5,5
train_ISIC_0026776.jpg,5,5
train_ISIC_0028071.jpg,5,5
train_ISIC_0028248.jpg,5,5
train_ISIC_0031887.jpg,5,5
train_ISIC_0027280.jpg,5,5
train_ISIC_0025685.jpg,5,5
train_ISIC_0024975.jpg,5,5
train_ISIC_0027358.jpg,5,2
train_ISIC_0031755.jpg,5,5
train_ISIC_0029179.jpg,5,5
train_ISIC_0025174.jpg,5,5
train_ISIC_0030761.jpg,5,5
train_ISIC_0025935.jpg,5,5
train_ISIC_0031490.jpg,5,5
train_ISIC_0024863.jpg,5,5
train_ISIC_0026087.jpg,5,5
train_ISIC_0032515.jpg,5,5
train_ISIC_0029990.jpg,5,5
train_ISIC_0028664.jpg,5,5
train_ISIC_0032739.jpg,5,4
train_ISIC_0029984.jpg,5,5
train_ISIC_0029796.jpg,5,5
train_ISIC_0031176.jpg,5,5
train_ISIC_0028695.jpg,5,5
train_ISIC_0024533.jpg,5,5
train_ISIC_0027734.jpg,5,3
train_ISIC_0034281.jpg,5,3
train_ISIC_0030220.jpg,5,5
train_ISIC_0030419.jpg,5,5
train_ISIC_0027112.jpg,5,2
train_ISIC_0030379.jpg,5,5
train_ISIC_0029257.jpg,5,4
train_ISIC_0028549.jpg,5,5
train_ISIC_0025976.jpg,5,5
train_ISIC_0027968.jpg,5,5
train_ISIC_0029224.jpg,5,5
train_ISIC_0031530.jpg,5,5
train_ISIC_0026140.jpg,5,0
train_ISIC_0029743.jpg,5,5
train_ISIC_0024884.jpg,5,5
train_ISIC_0029540.jpg,5,5
train_ISIC_0028641.jpg,5,5
train_ISIC_0028848.jpg,5,5
train_ISIC_0024680.jpg,5,4
train_ISIC_0028048.jpg,5,5
train_ISIC_0025843.jpg,5,5
train_ISIC_0033090.jpg,5,5
train_ISIC_0025422.jpg,5,4
train_ISIC_0033990.jpg,5,2
train_ISIC_0027564.jpg,5,5
train_ISIC_0025490.jpg,5,5
train_ISIC_0028299.jpg,5,2
train_ISIC_0029955.jpg,5,5
train_ISIC_0026066.jpg,5,5
train_ISIC_0027748.jpg,5,5
train_ISIC_0032334.jpg,5,5
train_ISIC_0026619.jpg,5,5
train_ISIC_0025279.jpg,5,5
train_ISIC_0032089.jpg,5,5
train_ISIC_0030303.jpg,5,0
train_ISIC_0030053.jpg,5,4
train_ISIC_0027449.jpg,5,5
train_ISIC_0028271.jpg,5,4
train_ISIC_0030557.jpg,5,5
train_ISIC_0027131.jpg,5,5
train_ISIC_0031393.jpg,5,5
train_ISIC_0027211.jpg,5,5
train_ISIC_0025125.jpg,5,3
train_ISIC_0025815.jpg,5,5
train_ISIC_0025263.jpg,5,5
train_ISIC_0032339.jpg,5,5
train_ISIC_0034129.jpg,5,5
train_ISIC_0029531.jpg,5,4
train_ISIC_0027410.jpg,5,4
train_ISIC_0029772.jpg,5,5
train_ISIC_0028689.jpg,5,4
train_ISIC_0031777.jpg,5,5
train_ISIC_0026510.jpg,5,5
train_ISIC_0033896.jpg,5,5
train_ISIC_0024921.jpg,5,5
train_ISIC_0030619.jpg,5,5
train_ISIC_0029485.jpg,5,5
train_ISIC_0024775.jpg,5,5
train_ISIC_0031354.jpg,5,4
train_ISIC_0031112.jpg,5,5
train_ISIC_0031820.jpg,5,5
train_ISIC_0030420.jpg,5,5
train_ISIC_0030729.jpg,5,5
train_ISIC_0029722.jpg,5,5
train_ISIC_0031842.jpg,5,5
train_ISIC_0027055.jpg,5,5
train_ISIC_0031355.jpg,5,5
train_ISIC_0025533.jpg,5,5
train_ISIC_0028787.jpg,5,2
train_ISIC_0034212.jpg,5,4
train_ISIC_0024957.jpg,5,5
train_ISIC_0033033.jpg,5,5
train_ISIC_0031147.jpg,5,5
train_ISIC_0034179.jpg,5,4
train_ISIC_0033517.jpg,5,5
train_ISIC_0024594.jpg,5,5
train_ISIC_0032525.jpg,5,4
train_ISIC_0031625.jpg,5,5
train_ISIC_0028563.jpg,5,5
train_ISIC_0025027.jpg,5,1
train_ISIC_0030204.jpg,5,5
train_ISIC_0029790.jpg,5,4
train_ISIC_0029388.jpg,5,5
train_ISIC_0024810.jpg,5,5
train_ISIC_0033714.jpg,5,5
train_ISIC_0024777.jpg,5,2
train_ISIC_0029633.jpg,5,5
train_ISIC_0029097.jpg,5,5
train_ISIC_0030697.jpg,5,4
train_ISIC_0032012.jpg,5,5
train_ISIC_0027390.jpg,5,4
train_ISIC_0028636.jpg,5,2
train_ISIC_0026591.jpg,5,5
train_ISIC_0030073.jpg,5,5
train_ISIC_0031059.jpg,5,5
train_ISIC_0026051.jpg,5,5
train_ISIC_0024937.jpg,5,4
train_ISIC_0027723.jpg,5,5
train_ISIC_0026366.jpg,5,5
train_ISIC_0030389.jpg,5,5
train_ISIC_0026721.jpg,5,5
train_ISIC_0031973.jpg,5,5
train_ISIC_0033605.jpg,5,4
train_ISIC_0026582.jpg,5,5
train_ISIC_0029629.jpg,5,5
train_ISIC_0028092.jpg,5,5
train_ISIC_0032153.jpg,5,5
train_ISIC_0032601.jpg,5,5
train_ISIC_0025315.jpg,5,5
train_ISIC_0027035.jpg,5,5
train_ISIC_0030908.jpg,5,5
train_ISIC_0029754.jpg,5,5
train_ISIC_0026559.jpg,5,4
train_ISIC_0032198.jpg,5,5
train_ISIC_0028620.jpg,5,5
train_ISIC_0027711.jpg,5,4
train_ISIC_0027591.jpg,5,5
train_ISIC_0033786.jpg,5,5
train_ISIC_0028668.jpg,5,5
train_ISIC_0033059.jpg,5,5
train_ISIC_0025553.jpg,5,1
train_ISIC_0026190.jpg,5,4
train_ISIC_0032075.jpg,5,6
train_ISIC_0024633.jpg,5,5
train_ISIC_0033105.jpg,5,5
train_ISIC_0026676.jpg,5,4
train_ISIC_0028255.jpg,5,2
train_ISIC_0025382.jpg,5,5
train_ISIC_0024523.jpg,5,2
train_ISIC_0028461.jpg,5,5
train_ISIC_0026701.jpg,5,5
train_ISIC_0032085.jpg,5,5
train_ISIC_0030362.jpg,5,5
train_ISIC_0031180.jpg,5,5
train_ISIC_0033010.jpg,5,4
train_ISIC_0032434.jpg,5,5
train_ISIC_0031794.jpg,5,2
train_ISIC_0028245.jpg,5,5
train_ISIC_0026518.jpg,5,5
train_ISIC_0031962.jpg,5,5
train_ISIC_0033741.jpg,5,4
train_ISIC_0032899.jpg,5,5
train_ISIC_0029246.jpg,5,5
train_ISIC_0032764.jpg,5,4
train_ISIC_0032060.jpg,5,5
train_ISIC_0029015.jpg,5,5
train_ISIC_0030386.jpg,5,5
train_ISIC_0026184.jpg,5,5
train_ISIC_0033474.jpg,5,4
train_ISIC_0026103.jpg,5,4
train_ISIC_0028849.jpg,5,4
train_ISIC_0028942.jpg,5,5
train_ISIC_0027405.jpg,5,5
train_ISIC_0029844.jpg,5,5
train_ISIC_0026323.jpg,5,5
train_ISIC_0032327.jpg,5,2
train_ISIC_0032376.jpg,5,5
train_ISIC_0026057.jpg,5,5
train_ISIC_0033506.jpg,5,4
train_ISIC_0031828.jpg,5,5
train_ISIC_0026880.jpg,5,5
train_ISIC_0033839.jpg,5,5
train_ISIC_0025404.jpg,5,5
train_ISIC_0031814.jpg,5,5
train_ISIC_0029042.jpg,5,5
train_ISIC_0024879.jpg,5,5
train_ISIC_0029421.jpg,5,5
train_ISIC_0026692.jpg,5,4
train_ISIC_0027566.jpg,5,5
train_ISIC_0025972.jpg,5,5
train_ISIC_0026979.jpg,5,5
train_ISIC_0027864.jpg,5,5
train_ISIC_0028853.jpg,5,5
train_ISIC_0029511.jpg,5,5
train_ISIC_0032831.jpg,5,4
train_ISIC_0029389.jpg,5,6
train_ISIC_0031518.jpg,5,4
train_ISIC_0024391.jpg,5,5
train_ISIC_0027324.jpg,5,3
train_ISIC_0033343.jpg,5,6
train_ISIC_0030969.jpg,5,5
train_ISIC_0033798.jpg,5,5
train_ISIC_0024617.jpg,5,2
train_ISIC_0030543.jpg,5,5
train_ISIC_0029621.jpg,5,5
train_ISIC_0029194.jpg,5,5
train_ISIC_0024394.jpg,5,4
train_ISIC_0030816.jpg,5,5
train_ISIC_0031278.jpg,5,4
train_ISIC_0028207.jpg,5,5
train_ISIC_0026259.jpg,5,5
train_ISIC_0025487.jpg,5,5
train_ISIC_0027011.jpg,5,5
train_ISIC_0031730.jpg,5,3
train_ISIC_0030219.jpg,5,4
train_ISIC_0033451.jpg,5,4
train_ISIC_0025673.jpg,5,5
train_ISIC_0025849.jpg,5,5
train_ISIC_0030773.jpg,5,4
train_ISIC_0030374.jpg,5,5
train_ISIC_0025585.jpg,5,5
train_ISIC_0033876.jpg,5,2
train_ISIC_0025919.jpg,5,5
train_ISIC_0030115.jpg,5,4
train_ISIC_0027007.jpg,5,2
train_ISIC_0034257.jpg,5,1
train_ISIC_0033894.jpg,5,4
train_ISIC_0026610.jpg,5,4
train_ISIC_0034319.jpg,5,5
train_ISIC_0026232.jpg,5,5
train_ISIC_0026601.jpg,5,5
train_ISIC_0031300.jpg,5,5
train_ISIC_0030863.jpg,5,5
train_ISIC_0031713.jpg,5,4
train_ISIC_0026407.jpg,5,5
train_ISIC_0029481.jpg,5,5
train_ISIC_0025139.jpg,5,5
train_ISIC_0027785.jpg,5,5
train_ISIC_0034096.jpg,5,2
train_ISIC_0034244.jpg,5,4
train_ISIC_0029903.jpg,5,5
train_ISIC_0031055.jpg,5,5
train_ISIC_0029942.jpg,5,5
train_ISIC_0027062.jpg,5,5
train_ISIC_0031726.jpg,5,5
train_ISIC_0027220.jpg,5,5
train_ISIC_0030438.jpg,5,5
train_ISIC_0031988.jpg,5,4
train_ISIC_0027664.jpg,5,5
train_ISIC_0028208.jpg,5,5
train_ISIC_0029702.jpg,5,5
train_ISIC_0031222.jpg,5,5
train_ISIC_0028985.jpg,5,5
train_ISIC_0028293.jpg,5,1
train_ISIC_0026381.jpg,5,5
train_ISIC_0026888.jpg,5,5
train_ISIC_0026565.jpg,5,5
train_ISIC_0027599.jpg,5,5
train_ISIC_0027476.jpg,5,5
train_ISIC_0028594.jpg,5,5
train_ISIC_0030000.jpg,5,5
train_ISIC_0029181.jpg,5,5
train_ISIC_0025735.jpg,5,1
train_ISIC_0031404.jpg,5,0
train_ISIC_0028277.jpg,5,5
train_ISIC_0027492.jpg,5,2
train_ISIC_0030182.jpg,5,2
train_ISIC_0025043.jpg,5,2
train_ISIC_0029943.jpg,5,5
train_ISIC_0031458.jpg,5,5
train_ISIC_0027586.jpg,5,5
train_ISIC_0026497.jpg,5,4
train_ISIC_0032109.jpg,5,5
train_ISIC_0030622.jpg,5,5
train_ISIC_0031684.jpg,5,5
train_ISIC_0024993.jpg,5,5
train_ISIC_0033168.jpg,5,5
train_ISIC_0027889.jpg,5,2
train_ISIC_0028975.jpg,5,5
train_ISIC_0032546.jpg,5,2
train_ISIC_0034174.jpg,5,5
train_ISIC_0027465.jpg,5,5
train_ISIC_0031700.jpg,5,2
train_ISIC_0024857.jpg,5,2
train_ISIC_0030148.jpg,5,5
train_ISIC_0029536.jpg,5,5
train_ISIC_0034017.jpg,5,0
train_ISIC_0027313.jpg,5,5
train_ISIC_0025225.jpg,5,5
train_ISIC_0031001.jpg,5,4
train_ISIC_0033032.jpg,5,5
train_ISIC_0033661.jpg,5,5
train_ISIC_0031523.jpg,5,5
train_ISIC_0026462.jpg,5,5
train_ISIC_0025560.jpg,5,5
train_ISIC_0026238.jpg,5,5
train_ISIC_0032502.jpg,5,5
train_ISIC_0027949.jpg,5,4
train_ISIC_0027209.jpg,5,4
train_ISIC_0030724.jpg,5,2
train_ISIC_0032398.jpg,5,5
train_ISIC_0030738.jpg,5,5
train_ISIC_0032236.jpg,5,5
train_ISIC_0028274.jpg,5,5
train_ISIC_0029109.jpg,5,4
train_ISIC_0030886.jpg,5,5
train_ISIC_0028455.jpg,5,5
train_ISIC_0031894.jpg,5,5
train_ISIC_0028096.jpg,5,5
train_ISIC_0027683.jpg,5,5
train_ISIC_0025146.jpg,5,5
train_ISIC_0028016.jpg,5,2
train_ISIC_0024529.jpg,5,5
train_ISIC_0025480.jpg,5,5
train_ISIC_0030414.jpg,5,5
train_ISIC_0028298.jpg,5,5
train_ISIC_0033190.jpg,5,4
train_ISIC_0034053.jpg,5,4
train_ISIC_0033682.jpg,5,4
train_ISIC_0025418.jpg,5,5
train_ISIC_0025049.jpg,5,5
train_ISIC_0029785.jpg,5,5
train_ISIC_0028072.jpg,5,5
train_ISIC_0029738.jpg,5,5
train_ISIC_0026486.jpg,5,5
train_ISIC_0032471.jpg,5,2
train_ISIC_0031673.jpg,5,5
train_ISIC_0031199.jpg,5,5
train_ISIC_0034054.jpg,5,4
train_ISIC_0030478.jpg,5,5
train_ISIC_0027679.jpg,5,5
train_ISIC_0032956.jpg,5,4
train_ISIC_0025579.jpg,5,4
train_ISIC_0031155.jpg,5,5
train_ISIC_0030030.jpg,5,5
train_ISIC_0031275.jpg,5,5
train_ISIC_0028743.jpg,5,5
train_ISIC_0030345.jpg,5,5
train_ISIC_0031855.jpg,5,3
train_ISIC_0024789.jpg,5,5
train_ISIC_0028727.jpg,5,5
train_ISIC_0030024.jpg,5,5
train_ISIC_0024889.jpg,5,5
train_ISIC_0024683.jpg,5,4
train_ISIC_0029229.jpg,5,5
train_ISIC_0030788.jpg,5,5
train_ISIC_0031869.jpg,5,5
train_ISIC_0027169.jpg,5,5
train_ISIC_0031995.jpg,5,5
train_ISIC_0031507.jpg,5,5
train_ISIC_0025187.jpg,5,5
train_ISIC_0029542.jpg,5,5
train_ISIC_0028305.jpg,5,5
train_ISIC_0034078.jpg,5,5
train_ISIC_0026832.jpg,5,5
train_ISIC_0025091.jpg,5,5
train_ISIC_0025158.jpg,5,5
train_ISIC_0033721.jpg,5,5
train_ISIC_0029795.jpg,5,5
train_ISIC_0027805.jpg,5,5
train_ISIC_0025877.jpg,5,5
train_ISIC_0027938.jpg,5,5
train_ISIC_0026627.jpg,5,5
train_ISIC_0025829.jpg,5,5
train_ISIC_0028385.jpg,5,2
train_ISIC_0031014.jpg,5,5
train_ISIC_0028591.jpg,5,4
train_ISIC_0026674.jpg,5,5
train_ISIC_0028575.jpg,5,5
train_ISIC_0029287.jpg,5,5
train_ISIC_0028637.jpg,5,4
train_ISIC_0026429.jpg,5,0
train_ISIC_0030831.jpg,5,5
train_ISIC_0025649.jpg,5,5
train_ISIC_0029551.jpg,5,5
train_ISIC_0034199.jpg,5,2
train_ISIC_0031923.jpg,5,1
train_ISIC_0029882.jpg,5,5
train_ISIC_0027726.jpg,5,5
train_ISIC_0031136.jpg,5,5
train_ISIC_0030120.jpg,5,5
train_ISIC_0028373.jpg,5,4
train_ISIC_0028791.jpg,5,5
train_ISIC_0033113.jpg,5,5
train_ISIC_0031156.jpg,5,5
train_ISIC_0026669.jpg,5,5
train_ISIC_0027212.jpg,5,5
train_ISIC_0026934.jpg,5,5
train_ISIC_0031690.jpg,5,5
train_ISIC_0032087.jpg,5,5
train_ISIC_0025088.jpg,5,5
train_ISIC_0028284.jpg,5,5
train_ISIC_0027314.jpg,5,5
train_ISIC_0029079.jpg,5,5
train_ISIC_0032689.jpg,5,2
train_ISIC_0029254.jpg,5,2
train_ISIC_0032301.jpg,5,5
train_ISIC_0028859.jpg,5,4
train_ISIC_0027432.jpg,5,5
train_ISIC_0031590.jpg,5,5
train_ISIC_0033335.jpg,5,4
train_ISIC_0033803.jpg,5,6
train_ISIC_0024901.jpg,5,5
train_ISIC_0027589.jpg,5,5
train_ISIC_0033094.jpg,5,5
train_ISIC_0024692.jpg,5,5
train_ISIC_0033684.jpg,5,4
train_ISIC_0024326.jpg,5,5
train_ISIC_0025868.jpg,5,5
train_ISIC_0033288.jpg,5,4
train_ISIC_0034279.jpg,5,4
train_ISIC_0029373.jpg,5,5
train_ISIC_0029987.jpg,5,5
train_ISIC_0027251.jpg,5,5
train_ISIC_0028458.jpg,5,5
train_ISIC_0026317.jpg,5,5
train_ISIC_0024483.jpg,5,5
train_ISIC_0031628.jpg,5,5
train_ISIC_0029679.jpg,5,4
train_ISIC_0033382.jpg,5,2
train_ISIC_0033694.jpg,5,4
train_ISIC_0024350.jpg,5,5
train_ISIC_0032973.jpg,5,4
train_ISIC_0025840.jpg,5,2
train_ISIC_0025570.jpg,5,5
train_ISIC_0033543.jpg,5,5
train_ISIC_0025914.jpg,5,5
train_ISIC_0034045.jpg,5,5
train_ISIC_0027535.jpg,5,4
train_ISIC_0031291.jpg,5,5
train_ISIC_0025356.jpg,5,5
train_ISIC_0028301.jpg,5,5
train_ISIC_0026461.jpg,5,5
train_ISIC_0028383.jpg,5,5
train_ISIC_0027346.jpg,5,4
train_ISIC_0033140.jpg,5,4
train_ISIC_0026062.jpg,5,5
train_ISIC_0029088.jpg,5,5
train_ISIC_0025635.jpg,5,5
train_ISIC_0032864.jpg,5,5
train_ISIC_0030028.jpg,5,5
train_ISIC_0033567.jpg,5,1
train_ISIC_0024514.jpg,5,4
train_ISIC_0029532.jpg,5,5
train_ISIC_0028438.jpg,5,5
train_ISIC_0028805.jpg,5,5
train_ISIC_0027160.jpg,5,5
train_ISIC_0027471.jpg,5,2
train_ISIC_0033766.jpg,5,4
train_ISIC_0025361.jpg,5,5
train_ISIC_0031802.jpg,5,4
train_ISIC_0033313.jpg,5,4
train_ISIC_0029407.jpg,5,5
train_ISIC_0032078.jpg,5,2
train_ISIC_0026655.jpg,5,4
train_ISIC_0028392.jpg,5,5
train_ISIC_0030380.jpg,5,5
train_ISIC_0026991.jpg,5,5
train_ISIC_0031740.jpg,5,5
train_ISIC_0028569.jpg,5,5
train_ISIC_0027943.jpg,5,5
train_ISIC_0028060.jpg,5,5
train_ISIC_0024983.jpg,5,5
train_ISIC_0027305.jpg,5,5
train_ISIC_0030336.jpg,5,5
train_ISIC_0026114.jpg,5,5
train_ISIC_0030497.jpg,5,5
train_ISIC_0024831.jpg,5,5
train_ISIC_0028829.jpg,5,4
train_ISIC_0030987.jpg,5,5
train_ISIC_0034158.jpg,5,5
train_ISIC_0028341.jpg,5,5
train_ISIC_0026256.jpg,5,5
train_ISIC_0031722.jpg,5,5
train_ISIC_0025334.jpg,5,5
train_ISIC_0027839.jpg,5,5
train_ISIC_0024969.jpg,5,2
train_ISIC_0028159.jpg,5,2
train_ISIC_0026748.jpg,5,2
train_ISIC_0033978.jpg,5,4
train_ISIC_0030116.jpg,5,5
train_ISIC_0034224.jpg,5,4
train_ISIC_0033727.jpg,5,1
train_ISIC_0026110.jpg,5,5
train_ISIC_0031038.jpg,5,5
train_ISIC_0025428.jpg,5,2
train_ISIC_0029349.jpg,5,5
train_ISIC_0026004.jpg,5,5
train_ISIC_0032865.jpg,5,5
train_ISIC_0029024.jpg,5,5
train_ISIC_0033187.jpg,5,5
train_ISIC_0028711.jpg,5,5
train_ISIC_0030262.jpg,5,5
train_ISIC_0025886.jpg,5,5
train_ISIC_0027221.jpg,5,5
train_ISIC_0026001.jpg,5,5
train_ISIC_0027660.jpg,5,5
train_ISIC_0030493.jpg,5,5
train_ISIC_0031720.jpg,5,5
train_ISIC_0026915.jpg,5,5
train_ISIC_0026073.jpg,5,5
train_ISIC_0031163.jpg,5,5
train_ISIC_0032708.jpg,5,5
train_ISIC_0034293.jpg,5,4
train_ISIC_0030256.jpg,5,5
train_ISIC_0025117.jpg,5,5
train_ISIC_0026179.jpg,5,5
train_ISIC_0032264.jpg,5,5
train_ISIC_0031886.jpg,5,5
train_ISIC_0029387.jpg,5,5
train_ISIC_0028443.jpg,5,5
train_ISIC_0032635.jpg,5,5
train_ISIC_0028639.jpg,5,5
train_ISIC_0033383.jpg,5,4
train_ISIC_0030045.jpg,5,5
train_ISIC_0029663.jpg,5,5
train_ISIC_0025798.jpg,5,5
train_ISIC_0030279.jpg,5,4
train_ISIC_0025165.jpg,5,4
train_ISIC_0025015.jpg,5,5
train_ISIC_0025968.jpg,5,5
train_ISIC_0028364.jpg,5,2
train_ISIC_0030873.jpg,5,5
train_ISIC_0025881.jpg,5,1
train_ISIC_0026564.jpg,5,5
train_ISIC_0025993.jpg,5,4
train_ISIC_0026300.jpg,5,5
train_ISIC_0024476.jpg,5,1
train_ISIC_0028129.jpg,5,5
train_ISIC_0026903.jpg,5,5
train_ISIC_0028011.jpg,5,5
train_ISIC_0027720.jpg,5,5
train_ISIC_0028049.jpg,5,5
train_ISIC_0025995.jpg,5,5
train_ISIC_0024751.jpg,5,5
train_ISIC_0030376.jpg,5,5
train_ISIC_0025211.jpg,5,5
train_ISIC_0024563.jpg,5,5
train_ISIC_0025052.jpg,5,5
train_ISIC_0033923.jpg,5,5
train_ISIC_0030614.jpg,5,5
train_ISIC_0030017.jpg,5,5
train_ISIC_0033815.jpg,5,5
train_ISIC_0028983.jpg,5,4
train_ISIC_0032901.jpg,5,4
train_ISIC_0027348.jpg,5,2
train_ISIC_0027240.jpg,5,1
train_ISIC_0026856.jpg,5,5
train_ISIC_0029737.jpg,5,5
train_ISIC_0030052.jpg,5,5
train_ISIC_0031916.jpg,5,3
train_ISIC_0032056.jpg,5,5
train_ISIC_0025736.jpg,5,5
train_ISIC_0027380.jpg,5,5
train_ISIC_0028137.jpg,5,5
train_ISIC_0027575.jpg,5,5
train_ISIC_0028811.jpg,5,5
train_ISIC_0031214.jpg,5,5
train_ISIC_0024807.jpg,5,5
train_ISIC_0033008.jpg,5,4
train_ISIC_0030802.jpg,5,5
train_ISIC_0032758.jpg,5,5
train_ISIC_0030838.jpg,5,5
train_ISIC_0030890.jpg,5,4
train_ISIC_0027692.jpg,5,5
train_ISIC_0034030.jpg,5,5
train_ISIC_0032002.jpg,5,5
train_ISIC_0031754.jpg,5,4
train_ISIC_0028498.jpg,5,4
train_ISIC_0028501.jpg,5,5
train_ISIC_0026133.jpg,5,4
train_ISIC_0030963.jpg,5,5
train_ISIC_0027585.jpg,5,5
train_ISIC_0026898.jpg,5,5
train_ISIC_0026698.jpg,5,4
train_ISIC_0026945.jpg,5,5
train_ISIC_0032259.jpg,5,5
train_ISIC_0030169.jpg,5,5
train_ISIC_0031910.jpg,5,5
train_ISIC_0028578.jpg,5,5
train_ISIC_0029207.jpg,5,5
train_ISIC_0026581.jpg,5,5
train_ISIC_0025183.jpg,5,5
train_ISIC_0029723.jpg,5,5
train_ISIC_0026459.jpg,5,5
train_ISIC_0028153.jpg,5,5
train_ISIC_0029910.jpg,5,5
train_ISIC_0029399.jpg,5,5
train_ISIC_0030771.jpg,5,4
train_ISIC_0026854.jpg,5,5
train_ISIC_0028286.jpg,5,5
train_ISIC_0031187.jpg,5,5
train_ISIC_0031416.jpg,5,5
train_ISIC_0031058.jpg,5,5
train_ISIC_0024849.jpg,5,5
train_ISIC_0028037.jpg,5,5
train_ISIC_0025920.jpg,5,5
train_ISIC_0026696.jpg,5,5
train_ISIC_0028514.jpg,5,5
train_ISIC_0025204.jpg,5,5
train_ISIC_0034198.jpg,5,5
train_ISIC_0029905.jpg,5,4
train_ISIC_0032966.jpg,5,5
train_ISIC_0025261.jpg,5,5
train_ISIC_0026403.jpg,5,4
train_ISIC_0025252.jpg,5,5
train_ISIC_0029317.jpg,5,5
train_ISIC_0025967.jpg,5,2
train_ISIC_0030288.jpg,5,5
train_ISIC_0030848.jpg,5,5
train_ISIC_0026886.jpg,5,4
train_ISIC_0028042.jpg,5,5
train_ISIC_0029226.jpg,5,5
train_ISIC_0032041.jpg,5,5
train_ISIC_0028150.jpg,5,4
train_ISIC_0029367.jpg,5,5
train_ISIC_0024783.jpg,5,5
train_ISIC_0031708.jpg,5,5
train_ISIC_0025003.jpg,5,5
train_ISIC_0027736.jpg,5,5
train_ISIC_0029478.jpg,5,5
train_ISIC_0024631.jpg,5,5
train_ISIC_0025122.jpg,5,5
train_ISIC_0033657.jpg,5,4
train_ISIC_0032734.jpg,5,2
train_ISIC_0025610.jpg,5,5
train_ISIC_0027808.jpg,5,5
train_ISIC_0033544.jpg,5,5
train_ISIC_0031022.jpg,5,5
train_ISIC_0032340.jpg,5,4
train_ISIC_0029306.jpg,5,5
train_ISIC_0025715.jpg,5,5
train_ISIC_0032809.jpg,5,4
train_ISIC_0034314.jpg,5,4
train_ISIC_0033774.jpg,5,4
train_ISIC_0025232.jpg,5,5
train_ISIC_0024803.jpg,5,5
train_ISIC_0026006.jpg,5,2
train_ISIC_0026426.jpg,5,5
train_ISIC_0028469.jpg,5,5
train_ISIC_0032126.jpg,5,5
train_ISIC_0027917.jpg,5,2
train_ISIC_0027597.jpg,5,1
train_ISIC_0028149.jpg,5,5
train_ISIC_0024986.jpg,5,5
train_ISIC_0025697.jpg,5,5
train_ISIC_0027623.jpg,5,4
train_ISIC_0033161.jpg,5,5
train_ISIC_0032479.jpg,5,5
train_ISIC_0030312.jpg,5,2
train_ISIC_0032029.jpg,5,2
train_ISIC_0033537.jpg,5,4
train_ISIC_0030135.jpg,5,5
train_ISIC_0025587.jpg,5,5
train_ISIC_0026583.jpg,5,5
train_ISIC_0026541.jpg,5,4
train_ISIC_0027892.jpg,5,5
train_ISIC_0033395.jpg,5,4
train_ISIC_0030517.jpg,5,5
train_ISIC_0029528.jpg,5,2
train_ISIC_0027634.jpg,5,5
train_ISIC_0030043.jpg,5,5
train_ISIC_0027740.jpg,5,5
train_ISIC_0033229.jpg,5,5
train_ISIC_0033282.jpg,5,5
train_ISIC_0030063.jpg,5,5
train_ISIC_0030545.jpg,5,5
train_ISIC_0030820.jpg,5,5
train_ISIC_0026817.jpg,5,2
train_ISIC_0030520.jpg,5,5
train_ISIC_0030363.jpg,5,5
train_ISIC_0029523.jpg,5,5
train_ISIC_0032737.jpg,5,2
train_ISIC_0027538.jpg,5,4
train_ISIC_0027731.jpg,5,5
train_ISIC_0025525.jpg,5,4
train_ISIC_0026172.jpg,5,5
train_ISIC_0028635.jpg,5,2
train_ISIC_0032779.jpg,5,5
train_ISIC_0029921.jpg,5,5
train_ISIC_0026037.jpg,5,2
train_ISIC_0028553.jpg,5,5
train_ISIC_0028307.jpg,5,5
train_ISIC_0027841.jpg,5,5
train_ISIC_0024430.jpg,5,5
train_ISIC_0033439.jpg,5,4
train_ISIC_0030264.jpg,5,5
train_ISIC_0027236.jpg,5,5
train_ISIC_0025474.jpg,5,5
train_ISIC_0030025.jpg,5,5
train_ISIC_0026034.jpg,5,3
train_ISIC_0031538.jpg,5,5
train_ISIC_0030945.jpg,5,0
train_ISIC_0033737.jpg,5,4
train_ISIC_0033086.jpg,5,5
train_ISIC_0025788.jpg,5,5
train_ISIC_0026002.jpg,5,5
train_ISIC_0030909.jpg,5,5
train_ISIC_0024387.jpg,5,5
train_ISIC_0034292.jpg,5,5
train_ISIC_0026183.jpg,5,5
train_ISIC_0024543.jpg,5,5
train_ISIC_0033062.jpg,5,4
train_ISIC_0030979.jpg,5,2
train_ISIC_0031107.jpg,5,5
train_ISIC_0030642.jpg,5,5
train_ISIC_0024536.jpg,5,5
train_ISIC_0032820.jpg,5,5
train_ISIC_0027195.jpg,5,5
train_ISIC_0033706.jpg,5,5
train_ISIC_0030612.jpg,5,5
train_ISIC_0033525.jpg,5,5
train_ISIC_0024935.jpg,5,2
train_ISIC_0029445.jpg,5,2
train_ISIC_0025912.jpg,5,5
train_ISIC_0030920.jpg,5,2
train_ISIC_0029045.jpg,5,5
train_ISIC_0028647.jpg,5,5
train_ISIC_0031589.jpg,5,5
train_ISIC_0033960.jpg,5,2
train_ISIC_0025200.jpg,5,5
train_ISIC_0027191.jpg,5,5
train_ISIC_0029359.jpg,5,2
train_ISIC_0032541.jpg,5,5
train_ISIC_0028171.jpg,5,5
train_ISIC_0031644.jpg,5,2
train_ISIC_0033242.jpg,5,1
train_ISIC_0027031.jpg,5,5
train_ISIC_0025961.jpg,5,3
train_ISIC_0029886.jpg,5,5
train_ISIC_0024694.jpg,5,4
train_ISIC_0029983.jpg,5,4
train_ISIC_0028782.jpg,5,5
train_ISIC_0028699.jpg,5,5
train_ISIC_0030516.jpg,5,5
train_ISIC_0029487.jpg,5,5
train_ISIC_0030663.jpg,5,4
train_ISIC_0033484.jpg,5,4
train_ISIC_0030985.jpg,5,5
train_ISIC_0028262.jpg,5,5
train_ISIC_0031235.jpg,5,5
train_ISIC_0031516.jpg,5,5
train_ISIC_0029336.jpg,5,5
train_ISIC_0031634.jpg,5,5
train_ISIC_0027942.jpg,5,4
train_ISIC_0028177.jpg,5,5
train_ISIC_0032563.jpg,5,2
train_ISIC_0031427.jpg,5,5
train_ISIC_0029069.jpg,5,5
train_ISIC_0030253.jpg,5,4
train_ISIC_0024690.jpg,5,3
train_ISIC_0028810.jpg,5,4
train_ISIC_0030629.jpg,5,5
train_ISIC_0030476.jpg,5,5
train_ISIC_0024966.jpg,5,5
train_ISIC_0025421.jpg,5,2
train_ISIC_0025347.jpg,5,5
train_ISIC_0029236.jpg,5,5
train_ISIC_0025517.jpg,5,5
train_ISIC_0027078.jpg,5,5
train_ISIC_0032084.jpg,5,5
train_ISIC_0027646.jpg,5,5
train_ISIC_0027909.jpg,5,5
train_ISIC_0025854.jpg,5,5
train_ISIC_0029112.jpg,5,5
train_ISIC_0030395.jpg,5,5
train_ISIC_0033549.jpg,5,2
train_ISIC_0024815.jpg,5,5
train_ISIC_0026658.jpg,5,2
train_ISIC_0026732.jpg,5,5
train_ISIC_0028852.jpg,5,5
train_ISIC_0030966.jpg,5,5
train_ISIC_0028539.jpg,5,5
train_ISIC_0026341.jpg,5,5
train_ISIC_0031409.jpg,5,5
train_ISIC_0027725.jpg,5,4
train_ISIC_0032507.jpg,5,5
train_ISIC_0030378.jpg,5,1
train_ISIC_0030585.jpg,5,5
train_ISIC_0025169.jpg,5,5
train_ISIC_0032657.jpg,5,5
train_ISIC_0028716.jpg,5,5
train_ISIC_0029649.jpg,5,5
train_ISIC_0033547.jpg,5,5
train_ISIC_0030544.jpg,5,3
train_ISIC_0024827.jpg,5,2
train_ISIC_0028466.jpg,5,5
train_ISIC_0032573.jpg,5,5
train_ISIC_0029400.jpg,5,5
train_ISIC_0025555.jpg,5,5
train_ISIC_0027777.jpg,5,5
train_ISIC_0032676.jpg,5,4
train_ISIC_0024934.jpg,5,2
train_ISIC_0029734.jpg,5,5
train_ISIC_0032738.jpg,5,4
train_ISIC_0033398.jpg,5,2
train_ISIC_0030923.jpg,5,4
train_ISIC_0026740.jpg,5,5
train_ISIC_0031282.jpg,5,5
train_ISIC_0026851.jpg,5,5
train_ISIC_0030001.jpg,5,5
train_ISIC_0028784.jpg,5,5
train_ISIC_0025325.jpg,5,5
train_ISIC_0024689.jpg,5,5
train_ISIC_0030039.jpg,5,4
train_ISIC_0026785.jpg,5,5
train_ISIC_0024908.jpg,5,4
train_ISIC_0031259.jpg,5,5
train_ISIC_0033219.jpg,5,4
train_ISIC_0031330.jpg,5,5
train_ISIC_0034152.jpg,5,3
train_ISIC_0029191.jpg,5,5
train_ISIC_0034114.jpg,5,5
train_ISIC_0033412.jpg,5,2
train_ISIC_0025588.jpg,5,2
train_ISIC_0034014.jpg,5,4
train_ISIC_0033075.jpg,5,5
train_ISIC_0034032.jpg,5,5
train_ISIC_0033346.jpg,5,4
train_ISIC_0031564.jpg,5,5
train_ISIC_0027510.jpg,5,5
train_ISIC_0033228.jpg,5,5
train_ISIC_0031004.jpg,5,5
train_ISIC_0029607.jpg,5,5
train_ISIC_0032067.jpg,5,0
train_ISIC_0031764.jpg,5,5
train_ISIC_0032849.jpg,5,4
train_ISIC_0026814.jpg,5,5
train_ISIC_0028009.jpg,5,4
train_ISIC_0029898.jpg,5,4
train_ISIC_0030461.jpg,5,5
train_ISIC_0034163.jpg,5,1
train_ISIC_0028240.jpg,5,5
train_ISIC_0027794.jpg,5,5
train_ISIC_0026994.jpg,5,5
train_ISIC_0029569.jpg,5,5
train_ISIC_0030916.jpg,5,5
train_ISIC_0027530.jpg,5,5
train_ISIC_0024518.jpg,5,4
train_ISIC_0031441.jpg,5,5
train_ISIC_0031015.jpg,5,5
train_ISIC_0028529.jpg,5,4
train_ISIC_0027922.jpg,5,5
train_ISIC_0028595.jpg,5,5
train_ISIC_0032474.jpg,5,5
train_ISIC_0028889.jpg,5,5
train_ISIC_0025104.jpg,5,5
train_ISIC_0028125.jpg,5,5
train_ISIC_0030132.jpg,5,5
train_ISIC_0031353.jpg,5,4
train_ISIC_0031879.jpg,5,5
train_ISIC_0029765.jpg,5,5
train_ISIC_0031305.jpg,5,5
train_ISIC_0028015.jpg,5,2
train_ISIC_0031178.jpg,5,5
train_ISIC_0029953.jpg,5,5
train_ISIC_0034305.jpg,5,5
train_ISIC_0025970.jpg,5,4
train_ISIC_0025759.jpg,5,5
train_ISIC_0030444.jpg,5,5
train_ISIC_0031338.jpg,5,5
train_ISIC_0025359.jpg,5,5
train_ISIC_0029986.jpg,5,4
train_ISIC_0026700.jpg,5,5
train_ISIC_0027912.jpg,5,5
train_ISIC_0029581.jpg,5,4
train_ISIC_0028600.jpg,5,5
train_ISIC_0026344.jpg,5,5
train_ISIC_0029479.jpg,5,4
train_ISIC_0026353.jpg,5,5
train_ISIC_0026651.jpg,5,5
train_ISIC_0024598.jpg,5,5
train_ISIC_0031433.jpg,5,5
train_ISIC_0031744.jpg,5,5
train_ISIC_0031453.jpg,5,5
train_ISIC_0032772.jpg,5,5
train_ISIC_0024714.jpg,5,1
train_ISIC_0029165.jpg,5,5
train_ISIC_0030384.jpg,5,4
train_ISIC_0030823.jpg,5,5
train_ISIC_0032524.jpg,5,4
train_ISIC_0031981.jpg,5,2
train_ISIC_0024716.jpg,5,4
train_ISIC_0029708.jpg,5,5
train_ISIC_0027995.jpg,5,5
train_ISIC_0029605.jpg,5,5
train_ISIC_0028758.jpg,5,2
train_ISIC_0033266.jpg,5,5
train_ISIC_0027614.jpg,5,5
train_ISIC_0032378.jpg,5,4
train_ISIC_0030184.jpg,5,5
train_ISIC_0033669.jpg,5,4
train_ISIC_0026292.jpg,5,5
train_ISIC_0029369.jpg,5,4
train_ISIC_0025047.jpg,5,5
train_ISIC_0029277.jpg,5,2
train_ISIC_0026695.jpg,5,5
train_ISIC_0030716.jpg,5,5
train_ISIC_0030234.jpg,5,5
train_ISIC_0029989.jpg,5,5
train_ISIC_0027014.jpg,5,5
train_ISIC_0024757.jpg,5,2
train_ISIC_0024684.jpg,5,5
train_ISIC_0025000.jpg,5,4
train_ISIC_0025949.jpg,5,5
train_ISIC_0031732.jpg,5,5
train_ISIC_0034013.jpg,5,1
train_ISIC_0024588.jpg,5,5
train_ISIC_0034131.jpg,5,4
train_ISIC_0029908.jpg,5,5
train_ISIC_0031467.jpg,5,5
train_ISIC_0026588.jpg,5,1
train_ISIC_0028868.jpg,5,4
train_ISIC_0032177.jpg,5,5
train_ISIC_0032284.jpg,5,3
train_ISIC_0029625.jpg,5,5
train_ISIC_0028429.jpg,5,2
train_ISIC_0024736.jpg,5,5
train_ISIC_0024348.jpg,5,5
train_ISIC_0024373.jpg,5,5
train_ISIC_0029773.jpg,5,5
train_ISIC_0032386.jpg,5,5
train_ISIC_0031983.jpg,5,5
train_ISIC_0033851.jpg,5,5
train_ISIC_0024793.jpg,5,2
train_ISIC_0024604.jpg,5,2
train_ISIC_0032996.jpg,5,5
train_ISIC_0028927.jpg,5,5
train_ISIC_0027728.jpg,5,5
train_ISIC_0033895.jpg,5,4
train_ISIC_0033396.jpg,5,5
train_ISIC_0032007.jpg,5,5
train_ISIC_0026508.jpg,5,5
train_ISIC_0032859.jpg,5,2
train_ISIC_0024306.jpg,5,5
train_ISIC_0024487.jpg,5,5
train_ISIC_0030694.jpg,5,5
train_ISIC_0028006.jpg,5,5
train_ISIC_0026474.jpg,5,5
train_ISIC_0024314.jpg,5,2
train_ISIC_0027056.jpg,5,5
train_ISIC_0029198.jpg,5,5
train_ISIC_0034176.jpg,5,1
train_ISIC_0028950.jpg,5,5
train_ISIC_0027444.jpg,5,4
train_ISIC_0027959.jpg,5,5
train_ISIC_0033472.jpg,5,4
train_ISIC_0034266.jpg,5,5
train_ISIC_0028779.jpg,5,5
train_ISIC_0028355.jpg,5,5
train_ISIC_0024639.jpg,5,5
train_ISIC_0029520.jpg,5,5
train_ISIC_0026911.jpg,5,4
train_ISIC_0025008.jpg,5,4
train_ISIC_0031911.jpg,5,5
train_ISIC_0032785.jpg,5,2
train_ISIC_0025956.jpg,5,4
train_ISIC_0025236.jpg,5,5
train_ISIC_0031694.jpg,5,5
train_ISIC_0031190.jpg,5,5
train_ISIC_0029631.jpg,5,5
train_ISIC_0026423.jpg,5,5
train_ISIC_0029312.jpg,5,5
train_ISIC_0033926.jpg,5,5
train_ISIC_0026797.jpg,5,5
train_ISIC_0029475.jpg,5,5
train_ISIC_0026891.jpg,5,5
train_ISIC_0033330.jpg,5,5
train_ISIC_0031818.jpg,5,5
train_ISIC_0027860.jpg,5,5
train_ISIC_0032721.jpg,5,4
train_ISIC_0029992.jpg,5,5
train_ISIC_0032305.jpg,5,5
train_ISIC_0025893.jpg,5,5
train_ISIC_0033683.jpg,5,4
train_ISIC_0034277.jpg,5,2
train_ISIC_0031563.jpg,5,2
train_ISIC_0024715.jpg,5,5
train_ISIC_0028706.jpg,5,5
train_ISIC_0026568.jpg,5,5
train_ISIC_0032322.jpg,5,2
train_ISIC_0024678.jpg,5,5
train_ISIC_0026852.jpg,5,5
train_ISIC_0031582.jpg,5,5
train_ISIC_0031460.jpg,5,4
train_ISIC_0030051.jpg,5,5
train_ISIC_0025647.jpg,5,5
train_ISIC_0032484.jpg,5,2
train_ISIC_0030684.jpg,5,5
train_ISIC_0027658.jpg,5,5
train_ISIC_0033787.jpg,5,6
train_ISIC_0031705.jpg,5,5
train_ISIC_0029103.jpg,5,5
train_ISIC_0029863.jpg,5,5
train_ISIC_0032791.jpg,5,4
train_ISIC_0033447.jpg,5,4
train_ISIC_0032818.jpg,5,4
train_ISIC_0030098.jpg,5,5
train_ISIC_0031805.jpg,5,5
train_ISIC_0032026.jpg,5,4
train_ISIC_0031914.jpg,5,5
train_ISIC_0033842.jpg,5,5
train_ISIC_0031046.jpg,5,5
train_ISIC_0026346.jpg,5,5
train_ISIC_0026363.jpg,5,5
train_ISIC_0027582.jpg,5,2
train_ISIC_0032912.jpg,5,4
train_ISIC_0024466.jpg,5,1
train_ISIC_0026348.jpg,5,4
train_ISIC_0031534.jpg,5,5
train_ISIC_0033035.jpg,5,4
train_ISIC_0027165.jpg,5,5
train_ISIC_0025754.jpg,5,5
train_ISIC_0030400.jpg,5,5
train_ISIC_0031616.jpg,5,5
train_ISIC_0031493.jpg,5,5
train_ISIC_0026380.jpg,5,5
train_ISIC_0026617.jpg,5,5
train_ISIC_0027869.jpg,5,5
train_ISIC_0032142.jpg,5,5
train_ISIC_0025645.jpg,5,5
train_ISIC_0027185.jpg,5,5
train_ISIC_0028645.jpg,5,0
train_ISIC_0028850.jpg,5,5
train_ISIC_0028136.jpg,5,5
train_ISIC_0030448.jpg,5,5
train_ISIC_0032646.jpg,5,4
train_ISIC_0024720.jpg,5,2
train_ISIC_0031774.jpg,5,5
train_ISIC_0027709.jpg,5,2
train_ISIC_0033327.jpg,5,4
train_ISIC_0029901.jpg,5,5
train_ISIC_0026662.jpg,5,5
train_ISIC_0033069.jpg,5,4
train_ISIC_0026125.jpg,5,5
train_ISIC_0029946.jpg,5,5
train_ISIC_0029405.jpg,5,1
train_ISIC_0034086.jpg,5,4
train_ISIC_0024599.jpg,5,5
train_ISIC_0032558.jpg,5,5
train_ISIC_0028330.jpg,5,5
train_ISIC_0026998.jpg,5,1
train_ISIC_0034265.jpg,5,4
train_ISIC_0028206.jpg,5,5
train_ISIC_0026173.jpg,5,5
train_ISIC_0032337.jpg,5,5
train_ISIC_0029087.jpg,5,5
train_ISIC_0030922.jpg,5,5
train_ISIC_0029753.jpg,5,5
train_ISIC_0024868.jpg,5,5
train_ISIC_0027644.jpg,5,5
train_ISIC_0027667.jpg,5,5
train_ISIC_0034138.jpg,5,5
train_ISIC_0027691.jpg,5,5
train_ISIC_0032223.jpg,5,5
train_ISIC_0025109.jpg,5,5
train_ISIC_0032742.jpg,5,2
train_ISIC_0026058.jpg,5,5
train_ISIC_0028675.jpg,5,3
train_ISIC_0026620.jpg,5,5
train_ISIC_0032296.jpg,5,5
train_ISIC_0024852.jpg,5,5
train_ISIC_0031412.jpg,5,5
train_ISIC_0031949.jpg,5,5
train_ISIC_0032345.jpg,5,5
train_ISIC_0030775.jpg,5,5
train_ISIC_0028117.jpg,5,2
train_ISIC_0024828.jpg,5,5
train_ISIC_0026718.jpg,5,5
train_ISIC_0026640.jpg,5,5
train_ISIC_0030215.jpg,5,5
train_ISIC_0032178.jpg,5,5
train_ISIC_0028785.jpg,5,5
train_ISIC_0029809.jpg,5,2
train_ISIC_0026483.jpg,5,5
train_ISIC_0027716.jpg,5,5
train_ISIC_0033577.jpg,5,5
train_ISIC_0031084.jpg,5,5
train_ISIC_0025687.jpg,5,5
train_ISIC_0033223.jpg,5,4
train_ISIC_0030742.jpg,5,4
train_ISIC_0029119.jpg,5,1
train_ISIC_0033825.jpg,5,4
train_ISIC_0024354.jpg,5,5
train_ISIC_0024597.jpg,5,6
train_ISIC_0033292.jpg,5,5
train_ISIC_0029245.jpg,5,5
train_ISIC_0026931.jpg,5,5
train_ISIC_0033319.jpg,5,5
train_ISIC_0032822.jpg,5,4
train_ISIC_0033690.jpg,5,5
train_ISIC_0025950.jpg,5,5
train_ISIC_0025537.jpg,5,5
train_ISIC_0027857.jpg,5,5
train_ISIC_0031333.jpg,5,5
train_ISIC_0033109.jpg,5,5
train_ISIC_0031510.jpg,5,4
train_ISIC_0025441.jpg,5,5
train_ISIC_0028857.jpg,5,5
train_ISIC_0024380.jpg,5,5
train_ISIC_0025161.jpg,5,5
train_ISIC_0027913.jpg,5,5
train_ISIC_0028054.jpg,5,5
train_ISIC_0027015.jpg,5,5
train_ISIC_0030983.jpg,5,5
train_ISIC_0027647.jpg,5,5
train_ISIC_0024615.jpg,5,5
train_ISIC_0028705.jpg,5,5
train_ISIC_0025571.jpg,5,2
train_ISIC_0032680.jpg,5,4
train_ISIC_0026421.jpg,5,5
train_ISIC_0029492.jpg,5,3
train_ISIC_0024433.jpg,5,5
train_ISIC_0028767.jpg,5,3
train_ISIC_0030734.jpg,5,5
train_ISIC_0028055.jpg,5,5
train_ISIC_0031663.jpg,5,5
train_ISIC_0027235.jpg,5,4
train_ISIC_0033167.jpg,5,5
train_ISIC_0031383.jpg,5,5
train_ISIC_0029881.jpg,5,4
train_ISIC_0034230.jpg,5,4
train_ISIC_0032752.jpg,5,2
train_ISIC_0026164.jpg,5,5
train_ISIC_0027929.jpg,5,5
train_ISIC_0027137.jpg,5,2
train_ISIC_0026953.jpg,5,5
train_ISIC_0024620.jpg,5,5
train_ISIC_0029344.jpg,5,4
train_ISIC_0027979.jpg,5,5
train_ISIC_0031206.jpg,5,5
train_ISIC_0027438.jpg,5,5
train_ISIC_0029977.jpg,5,5
train_ISIC_0029807.jpg,5,5
train_ISIC_0024873.jpg,5,5
train_ISIC_0034116.jpg,5,4
train_ISIC_0032650.jpg,5,4
train_ISIC_0027921.jpg,5,5
train_ISIC_0026896.jpg,5,5
train_ISIC_0025289.jpg,5,4
train_ISIC_0024456.jpg,5,5
train_ISIC_0030885.jpg,5,5
train_ISIC_0031094.jpg,5,4
train_ISIC_0032554.jpg,5,4
train_ISIC_0031469.jpg,5,5
train_ISIC_0034025.jpg,5,4
train_ISIC_0024663.jpg,5,5
train_ISIC_0025675.jpg,5,2
train_ISIC_0034241.jpg,5,5
train_ISIC_0028222.jpg,5,5
train_ISIC_0029255.jpg,5,5
train_ISIC_0029390.jpg,5,1
train_ISIC_0028115.jpg,5,5
train_ISIC_0032328.jpg,5,4
train_ISIC_0033734.jpg,5,4
train_ISIC_0033189.jpg,5,2
train_ISIC_0028290.jpg,5,5
train_ISIC_0024589.jpg,5,5
train_ISIC_0033759.jpg,5,5
train_ISIC_0027316.jpg,5,5
train_ISIC_0031725.jpg,5,4
train_ISIC_0033867.jpg,5,5
train_ISIC_0030790.jpg,5,4
train_ISIC_0030097.jpg,5,5
train_ISIC_0028453.jpg,5,0
train_ISIC_0027945.jpg,5,2
train_ISIC_0031099.jpg,5,5
train_ISIC_0026143.jpg,5,5
train_ISIC_0029611.jpg,5,5
train_ISIC_0030113.jpg,5,5
train_ISIC_0032644.jpg,5,5
train_ISIC_0027908.jpg,5,4
train_ISIC_0027923.jpg,5,5
train_ISIC_0031152.jpg,5,5
train_ISIC_0027481.jpg,5,5
train_ISIC_0025698.jpg,5,5
train_ISIC_0030503.jpg,5,5
train_ISIC_0031974.jpg,5,5
train_ISIC_0029050.jpg,5,5
train_ISIC_0031045.jpg,5,4
train_ISIC_0027849.jpg,5,3
train_ISIC_0024653.jpg,5,5
train_ISIC_0024856.jpg,5,5
train_ISIC_0029766.jpg,5,5
train_ISIC_0032268.jpg,5,1
train_ISIC_0030418.jpg,5,5
train_ISIC_0029572.jpg,5,2
train_ISIC_0024681.jpg,5,5
train_ISIC_0029182.jpg,5,2
train_ISIC_0024649.jpg,5,5
train_ISIC_0025078.jpg,5,2
train_ISIC_0027763.jpg,5,5
train_ISIC_0026813.jpg,5,5
train_ISIC_0025269.jpg,5,5
train_ISIC_0024719.jpg,5,5
train_ISIC_0031514.jpg,5,5
train_ISIC_0028576.jpg,5,4
train_ISIC_0025486.jpg,5,5
train_ISIC_0030546.jpg,5,4
train_ISIC_0033093.jpg,5,5
train_ISIC_0032594.jpg,5,5
train_ISIC_0029076.jpg,5,5
train_ISIC_0028312.jpg,5,5
train_ISIC_0029037.jpg,5,5
train_ISIC_0031081.jpg,5,4
train_ISIC_0033364.jpg,5,2
train_ISIC_0024508.jpg,5,5
train_ISIC_0033427.jpg,5,5
train_ISIC_0027633.jpg,5,5
train_ISIC_0032575.jpg,5,4
train_ISIC_0029739.jpg,5,5
train_ISIC_0024363.jpg,5,5
train_ISIC_0026840.jpg,5,5
train_ISIC_0032551.jpg,5,5
train_ISIC_0032202.jpg,5,5
train_ISIC_0029703.jpg,5,5
train_ISIC_0027965.jpg,5,5
train_ISIC_0025311.jpg,5,5
train_ISIC_0032590.jpg,5,5
train_ISIC_0027557.jpg,5,5
train_ISIC_0030917.jpg,5,5
train_ISIC_0033015.jpg,5,0
train_ISIC_0030559.jpg,5,5
train_ISIC_0029214.jpg,5,5
train_ISIC_0025492.jpg,5,1
train_ISIC_0027123.jpg,5,5
train_ISIC_0025464.jpg,5,5
train_ISIC_0025988.jpg,5,2
train_ISIC_0032633.jpg,5,2
train_ISIC_0034248.jpg,5,5
train_ISIC_0032663.jpg,5,5
train_ISIC_0028170.jpg,5,3
train_ISIC_0029959.jpg,5,5
train_ISIC_0024568.jpg,5,5
train_ISIC_0026408.jpg,5,5
train_ISIC_0030348.jpg,5,5
train_ISIC_0031296.jpg,5,5
train_ISIC_0025989.jpg,5,4
train_ISIC_0030402.jpg,5,5
train_ISIC_0031748.jpg,5,4
train_ISIC_0028955.jpg,5,5
train_ISIC_0026210.jpg,5,5
train_ISIC_0032231.jpg,5,5
train_ISIC_0028181.jpg,5,5
train_ISIC_0029125.jpg,5,5
train_ISIC_0027288.jpg,5,5
train_ISIC_0026261.jpg,5,5
train_ISIC_0034260.jpg,5,4
train_ISIC_0029821.jpg,5,5
train_ISIC_0033497.jpg,5,5
train_ISIC_0029854.jpg,5,2
train_ISIC_0028903.jpg,5,5
train_ISIC_0034063.jpg,5,4
train_ISIC_0031991.jpg,5,1
train_ISIC_0026618.jpg,5,5
train_ISIC_0027285.jpg,5,2
train_ISIC_0025892.jpg,5,2
train_ISIC_0024540.jpg,5,5
train_ISIC_0030853.jpg,5,5
train_ISIC_0028304.jpg,5,5
train_ISIC_0025258.jpg,5,5
train_ISIC_0030012.jpg,5,5
train_ISIC_0029693.jpg,5,4
train_ISIC_0031452.jpg,5,5
train_ISIC_0033016.jpg,5,4
train_ISIC_0030033.jpg,5,4
train_ISIC_0028572.jpg,5,5
train_ISIC_0031985.jpg,5,4
train_ISIC_0025660.jpg,5,5
train_ISIC_0030304.jpg,5,5
train_ISIC_0025787.jpg,5,5
train_ISIC_0025181.jpg,5,5
train_ISIC_0025039.jpg,5,4
train_ISIC_0033053.jpg,5,4
train_ISIC_0032127.jpg,5,5
train_ISIC_0029007.jpg,5,5
train_ISIC_0032853.jpg,5,4
train_ISIC_0026003.jpg,5,5
train_ISIC_0033830.jpg,5,5
train_ISIC_0029300.jpg,5,5
train_ISIC_0033510.jpg,5,5
train_ISIC_0026402.jpg,5,5
train_ISIC_0030845.jpg,5,4
train_ISIC_0033036.jpg,5,5
train_ISIC_0028772.jpg,5,5
train_ISIC_0028882.jpg,5,4
train_ISIC_0026706.jpg,5,5
train_ISIC_0033781.jpg,5,2
train_ISIC_0031111.jpg,5,4
train_ISIC_0028342.jpg,5,5
train_ISIC_0027440.jpg,5,5
train_ISIC_0025665.jpg,5,4
train_ISIC_0027049.jpg,5,5
train_ISIC_0026382.jpg,5,5
train_ISIC_0030485.jpg,5,2
train_ISIC_0028603.jpg,5,5
train_ISIC_0029110.jpg,5,5
train_ISIC_0029324.jpg,5,5
train_ISIC_0026572.jpg,5,5
train_ISIC_0026146.jpg,5,5
train_ISIC_0024535.jpg,5,5
train_ISIC_0032623.jpg,5,5
train_ISIC_0025370.jpg,5,5
train_ISIC_0030592.jpg,5,4
train_ISIC_0031636.jpg,5,1
train_ISIC_0028234.jpg,5,5
train_ISIC_0033291.jpg,5,4
train_ISIC_0030205.jpg,5,5
train_ISIC_0029825.jpg,5,5
train_ISIC_0029159.jpg,5,5
train_ISIC_0027153.jpg,5,5
train_ISIC_0026926.jpg,5,5
train_ISIC_0026053.jpg,5,4
train_ISIC_0033789.jpg,5,5
train_ISIC_0032171.jpg,5,5
train_ISIC_0030449.jpg,5,5
train_ISIC_0031448.jpg,5,5
train_ISIC_0032186.jpg,5,4
train_ISIC_0031668.jpg,5,5
train_ISIC_0026965.jpg,5,5
train_ISIC_0028725.jpg,5,5
train_ISIC_0028778.jpg,5,5
train_ISIC_0026484.jpg,5,5
train_ISIC_0030913.jpg,5,5
train_ISIC_0032112.jpg,5,4
train_ISIC_0029788.jpg,5,5
train_ISIC_0029601.jpg,5,5
train_ISIC_0029720.jpg,5,5
train_ISIC_0031006.jpg,5,5
train_ISIC_0033955.jpg,5,4
train_ISIC_0029378.jpg,5,5
train_ISIC_0032848.jpg,5,5
train_ISIC_0032451.jpg,5,5
train_ISIC_0027625.jpg,5,5
train_ISIC_0028145.jpg,5,2
train_ISIC_0024776.jpg,5,5
train_ISIC_0026793.jpg,5,5
train_ISIC_0028803.jpg,5,5
train_ISIC_0030504.jpg,5,5
train_ISIC_0028144.jpg,5,5
train_ISIC_0026949.jpg,5,5
train_ISIC_0034144.jpg,5,5
train_ISIC_0030624.jpg,5,5
train_ISIC_0032491.jpg,5,5
train_ISIC_0032747.jpg,5,4
train_ISIC_0031035.jpg,5,5
train_ISIC_0027925.jpg,5,4
train_ISIC_0034153.jpg,5,0
train_ISIC_0027866.jpg,5,2
train_ISIC_0027461.jpg,5,5
train_ISIC_0031595.jpg,5,4
train_ISIC_0027705.jpg,5,5
train_ISIC_0030202.jpg,5,5
train_ISIC_0032122.jpg,5,5
train_ISIC_0030776.jpg,5,5
train_ISIC_0032310.jpg,5,1
train_ISIC_0032052.jpg,5,5
train_ISIC_0026810.jpg,5,4
train_ISIC_0033110.jpg,5,4
train_ISIC_0034237.jpg,5,4
train_ISIC_0026615.jpg,5,0
train_ISIC_0030405.jpg,5,5
train_ISIC_0030805.jpg,5,5
train_ISIC_0026472.jpg,5,5
train_ISIC_0031572.jpg,5,5
train_ISIC_0031960.jpg,5,5
train_ISIC_0028010.jpg,5,4
train_ISIC_0027397.jpg,5,1
train_ISIC_0025440.jpg,5,5
train_ISIC_0032234.jpg,5,5
train_ISIC_0024503.jpg,5,5
train_ISIC_0033589.jpg,5,4
train_ISIC_0032490.jpg,5,1
train_ISIC_0028684.jpg,5,2
train_ISIC_0029771.jpg,5,5
train_ISIC_0024956.jpg,5,5
train_ISIC_0026579.jpg,5,5
train_ISIC_0029553.jpg,5,5
train_ISIC_0027486.jpg,5,4
train_ISIC_0031859.jpg,5,5
train_ISIC_0032418.jpg,5,5
train_ISIC_0034128.jpg,5,5
train_ISIC_0030599.jpg,5,5
train_ISIC_0030330.jpg,5,5
train_ISIC_0030217.jpg,5,5
train_ISIC_0033464.jpg,5,5
train_ISIC_0029855.jpg,5,5
train_ISIC_0031392.jpg,5,5
train_ISIC_0030749.jpg,5,5
train_ISIC_0031451.jpg,5,1
train_ISIC_0025756.jpg,5,5
train_ISIC_0028956.jpg,5,5
train_ISIC_0029261.jpg,5,5
train_ISIC_0027685.jpg,5,5
train_ISIC_0034039.jpg,5,5
train_ISIC_0025909.jpg,5,5
train_ISIC_0027477.jpg,5,1
train_ISIC_0027600.jpg,5,5
train_ISIC_0028894.jpg,5,4
train_ISIC_0026825.jpg,5,2
train_ISIC_0026080.jpg,5,2
train_ISIC_0032292.jpg,5,4
train_ISIC_0024759.jpg,5,5
train_ISIC_0033341.jpg,5,4
train_ISIC_0032402.jpg,5,5
train_ISIC_0026638.jpg,5,5
train_ISIC_0030126.jpg,5,4
train_ISIC_0028000.jpg,5,5
train_ISIC_0031592.jpg,5,5
train_ISIC_0031658.jpg,5,5
train_ISIC_0026913.jpg,5,4
train_ISIC_0031588.jpg,5,5
train_ISIC_0028315.jpg,5,5
train_ISIC_0026951.jpg,5,5
train_ISIC_0030560.jpg,5,5
train_ISIC_0028665.jpg,5,5
train_ISIC_0028770.jpg,5,5
train_ISIC_0030308.jpg,5,5
train_ISIC_0031687.jpg,5,5
train_ISIC_0032697.jpg,5,4
train_ISIC_0031773.jpg,5,5
train_ISIC_0029858.jpg,5,5
train_ISIC_0028202.jpg,5,4
train_ISIC_0025683.jpg,5,5
train_ISIC_0030072.jpg,5,5
train_ISIC_0033350.jpg,5,4
train_ISIC_0028564.jpg,5,5
train_ISIC_0030952.jpg,5,5
train_ISIC_0029792.jpg,5,5
train_ISIC_0030972.jpg,5,5
train_ISIC_0030416.jpg,5,1
train_ISIC_0028844.jpg,5,5
train_ISIC_0034020.jpg,5,1
train_ISIC_0028456.jpg,5,5
train_ISIC_0029996.jpg,5,5
train_ISIC_0025608.jpg,5,5
train_ISIC_0029537.jpg,5,2
train_ISIC_0032366.jpg,5,5
train_ISIC_0033162.jpg,5,5
train_ISIC_0026304.jpg,5,5
train_ISIC_0032711.jpg,5,4
train_ISIC_0026833.jpg,5,5
train_ISIC_0032385.jpg,5,2
train_ISIC_0030596.jpg,5,5
train_ISIC_0025666.jpg,5,5
train_ISIC_0025257.jpg,5,4
train_ISIC_0031423.jpg,5,5
train_ISIC_0026580.jpg,5,5
train_ISIC_0027894.jpg,5,5
train_ISIC_0027878.jpg,5,5
train_ISIC_0027874.jpg,5,4
train_ISIC_0024520.jpg,5,2
train_ISIC_0026480.jpg,5,4
train_ISIC_0030703.jpg,5,5
train_ISIC_0029922.jpg,5,5
train_ISIC_0029186.jpg,5,5
train_ISIC_0033386.jpg,5,4
train_ISIC_0027268.jpg,5,5
train_ISIC_0033308.jpg,5,5
train_ISIC_0029888.jpg,5,5
train_ISIC_0026191.jpg,5,5
train_ISIC_0024892.jpg,5,5
train_ISIC_0028256.jpg,5,5
train_ISIC_0027891.jpg,5,5
train_ISIC_0034278.jpg,5,4
train_ISIC_0027654.jpg,5,5
train_ISIC_0027836.jpg,5,5
train_ISIC_0025220.jpg,5,5
train_ISIC_0028624.jpg,5,5
train_ISIC_0027467.jpg,5,5
train_ISIC_0032034.jpg,5,5
train_ISIC_0028161.jpg,5,5
train_ISIC_0025942.jpg,5,4
train_ISIC_0027621.jpg,5,5
train_ISIC_0028923.jpg,5,2
train_ISIC_0032714.jpg,5,4
train_ISIC_0025858.jpg,5,5
train_ISIC_0030718.jpg,5,5
train_ISIC_0031763.jpg,5,5
train_ISIC_0027121.jpg,5,5
train_ISIC_0027315.jpg,5,5
train_ISIC_0026383.jpg,5,5
train_ISIC_0032274.jpg,5,1
train_ISIC_0027383.jpg,5,2
train_ISIC_0033048.jpg,5,4
train_ISIC_0031109.jpg,5,5
train_ISIC_0032436.jpg,5,5
train_ISIC_0029645.jpg,5,4
train_ISIC_0034231.jpg,5,2
train_ISIC_0029266.jpg,5,5
train_ISIC_0027570.jpg,5,5
train_ISIC_0030266.jpg,5,5
train_ISIC_0029116.jpg,5,5
train_ISIC_0031613.jpg,5,4
train_ISIC_0025375.jpg,5,5
train_ISIC_0034229.jpg,5,4
train_ISIC_0034109.jpg,5,4
train_ISIC_0031285.jpg,5,4
train_ISIC_0029057.jpg,5,5
train_ISIC_0028657.jpg,5,5
train_ISIC_0031817.jpg,5,4
train_ISIC_0030618.jpg,5,5
train_ISIC_0025908.jpg,5,4
train_ISIC_0026699.jpg,5,5
train_ISIC_0031432.jpg,5,5
train_ISIC_0028535.jpg,5,5
train_ISIC_0028012.jpg,5,5
train_ISIC_0029948.jpg,5,5
train_ISIC_0027603.jpg,5,5
train_ISIC_0028024.jpg,5,5
train_ISIC_0028673.jpg,5,1
train_ISIC_0031751.jpg,5,5
train_ISIC_0029769.jpg,5,5
train_ISIC_0027336.jpg,5,5
train_ISIC_0033326.jpg,5,5
train_ISIC_0031912.jpg,5,5
train_ISIC_0033371.jpg,5,5
train_ISIC_0027862.jpg,5,5
train_ISIC_0033085.jpg,5,5
train_ISIC_0025672.jpg,5,1
train_ISIC_0032073.jpg,5,5
train_ISIC_0031509.jpg,5,5
train_ISIC_0029402.jpg,5,5
train_ISIC_0027494.jpg,5,5
train_ISIC_0033674.jpg,5,4
train_ISIC_0029952.jpg,5,5
train_ISIC_0027638.jpg,5,5
train_ISIC_0029393.jpg,5,4
train_ISIC_0028102.jpg,5,5
train_ISIC_0030907.jpg,5,5
train_ISIC_0033941.jpg,5,5
train_ISIC_0026997.jpg,5,5
train_ISIC_0024742.jpg,5,5
train_ISIC_0032273.jpg,5,5
train_ISIC_0025664.jpg,5,5
train_ISIC_0025614.jpg,5,5
train_ISIC_0026065.jpg,5,5
train_ISIC_0027576.jpg,5,5
train_ISIC_0028446.jpg,5,5
train_ISIC_0029852.jpg,5,5
train_ISIC_0026977.jpg,5,5
train_ISIC_0025120.jpg,5,5
train_ISIC_0027642.jpg,5,5
train_ISIC_0025298.jpg,5,5
train_ISIC_0026529.jpg,5,5
train_ISIC_0034282.jpg,5,4
train_ISIC_0033265.jpg,5,4
train_ISIC_0032781.jpg,5,5
train_ISIC_0029184.jpg,5,5
train_ISIC_0031475.jpg,5,2
train_ISIC_0032784.jpg,5,5
train_ISIC_0031105.jpg,5,5
train_ISIC_0024600.jpg,5,5
train_ISIC_0026791.jpg,5,5
train_ISIC_0033104.jpg,5,4
train_ISIC_0027556.jpg,5,5
train_ISIC_0028754.jpg,5,5
train_ISIC_0032370.jpg,5,5
train_ISIC_0030149.jpg,5,5
train_ISIC_0025503.jpg,5,5
train_ISIC_0032004.jpg,5,5
train_ISIC_0024953.jpg,5,5
train_ISIC_0025367.jpg,5,5
train_ISIC_0029137.jpg,5,5
train_ISIC_0029561.jpg,5,5
train_ISIC_0032033.jpg,5,5
train_ISIC_0028825.jpg,5,5
train_ISIC_0025106.jpg,5,4
train_ISIC_0028191.jpg,5,5
train_ISIC_0027783.jpg,5,2
train_ISIC_0032367.jpg,5,5
train_ISIC_0026882.jpg,5,5
train_ISIC_0033221.jpg,5,5
train_ISIC_0027475.jpg,5,5
train_ISIC_0025355.jpg,5,4
train_ISIC_0033143.jpg,5,4
train_ISIC_0029936.jpg,5,5
train_ISIC_0027765.jpg,5,5
train_ISIC_0032432.jpg,5,5
train_ISIC_0032683.jpg,5,4
train_ISIC_0029868.jpg,5,5
train_ISIC_0029096.jpg,5,5
train_ISIC_0028598.jpg,5,4
train_ISIC_0024809.jpg,5,5
train_ISIC_0027778.jpg,5,5
train_ISIC_0026592.jpg,5,2
train_ISIC_0026742.jpg,5,5
train_ISIC_0030955.jpg,5,5
train_ISIC_0024693.jpg,5,3
train_ISIC_0029415.jpg,5,5
train_ISIC_0024655.jpg,5,5
train_ISIC_0031811.jpg,5,5
train_ISIC_0025215.jpg,5,5
train_ISIC_0033173.jpg,5,5
train_ISIC_0025978.jpg,5,5
train_ISIC_0029526.jpg,5,5
train_ISIC_0031846.jpg,5,5
train_ISIC_0029668.jpg,5,1
train_ISIC_0029628.jpg,5,5
train_ISIC_0033614.jpg,5,4
train_ISIC_0024478.jpg,5,5
train_ISIC_0033792.jpg,5,5
train_ISIC_0027511.jpg,5,5
train_ISIC_0029222.jpg,5,4
train_ISIC_0026636.jpg,5,5
train_ISIC_0030874.jpg,5,5
train_ISIC_0026201.jpg,5,5
train_ISIC_0025288.jpg,5,5
train_ISIC_0033181.jpg,5,5
train_ISIC_0026078.jpg,5,5
train_ISIC_0024437.jpg,5,5
train_ISIC_0032016.jpg,5,5
train_ISIC_0032069.jpg,5,5
train_ISIC_0029968.jpg,5,5
train_ISIC_0033294.jpg,5,4
train_ISIC_0026672.jpg,5,4
train_ISIC_0029862.jpg,5,5
train_ISIC_0034042.jpg,5,4
train_ISIC_0033039.jpg,5,4
train_ISIC_0026910.jpg,5,5
train_ISIC_0027431.jpg,5,5
train_ISIC_0032846.jpg,5,2
train_ISIC_0034247.jpg,5,5
train_ISIC_0024842.jpg,5,5
train_ISIC_0030194.jpg,5,4
train_ISIC_0032143.jpg,5,5
train_ISIC_0031909.jpg,5,5
train_ISIC_0025624.jpg,5,5
train_ISIC_0025044.jpg,5,5
train_ISIC_0027611.jpg,5,2
train_ISIC_0029299.jpg,5,5
train_ISIC_0033263.jpg,5,5
train_ISIC_0029969.jpg,5,5
train_ISIC_0030210.jpg,5,5
train_ISIC_0031240.jpg,5,5
train_ISIC_0031317.jpg,5,2
train_ISIC_0029517.jpg,5,5
train_ISIC_0032454.jpg,5,5
train_ISIC_0025721.jpg,5,5
train_ISIC_0030019.jpg,5,2
train_ISIC_0032893.jpg,5,4
train_ISIC_0028608.jpg,5,2
train_ISIC_0032068.jpg,5,5
train_ISIC_0027215.jpg,5,5
train_ISIC_0025619.jpg,5,2
train_ISIC_0032480.jpg,5,5
train_ISIC_0026398.jpg,5,5
train_ISIC_0026356.jpg,5,5
train_ISIC_0027307.jpg,5,5
train_ISIC_0026863.jpg,5,5
train_ISIC_0024349.jpg,5,4
train_ISIC_0033890.jpg,5,4
train_ISIC_0024641.jpg,5,5
train_ISIC_0028851.jpg,5,5
train_ISIC_0029768.jpg,5,5
train_ISIC_0029874.jpg,5,5
train_ISIC_0032208.jpg,5,5
train_ISIC_0030483.jpg,5,5
train_ISIC_0028360.jpg,5,5
train_ISIC_0027258.jpg,5,2
train_ISIC_0032121.jpg,5,5
train_ISIC_0026394.jpg,5,5
train_ISIC_0028914.jpg,5,5
train_ISIC_0030865.jpg,5,5
train_ISIC_0025123.jpg,5,2
train_ISIC_0025230.jpg,5,5
train_ISIC_0027399.jpg,5,5
train_ISIC_0029643.jpg,5,5
train_ISIC_0032518.jpg,5,4
train_ISIC_0032942.jpg,5,5
train_ISIC_0024912.jpg,5,5
train_ISIC_0029777.jpg,5,5
train_ISIC_0031747.jpg,5,5
train_ISIC_0029375.jpg,5,5
train_ISIC_0031934.jpg,5,5
train_ISIC_0028311.jpg,5,5
train_ISIC_0031153.jpg,5,5
train_ISIC_0029619.jpg,5,5
train_ISIC_0025549.jpg,5,5
train_ISIC_0026454.jpg,5,4
train_ISIC_0029189.jpg,5,5
train_ISIC_0033796.jpg,5,4
train_ISIC_0029799.jpg,5,5
train_ISIC_0031548.jpg,5,5
train_ISIC_0029106.jpg,5,5
train_ISIC_0030044.jpg,5,5
train_ISIC_0032994.jpg,5,4
train_ISIC_0024467.jpg,5,5
train_ISIC_0030411.jpg,5,5
train_ISIC_0033296.jpg,5,4
train_ISIC_0032837.jpg,5,4
train_ISIC_0031251.jpg,5,5
train_ISIC_0029803.jpg,5,5
train_ISIC_0031391.jpg,5,5
train_ISIC_0025930.jpg,5,5
train_ISIC_0028141.jpg,5,5
train_ISIC_0024927.jpg,5,5
train_ISIC_0024813.jpg,5,5
train_ISIC_0025931.jpg,5,5
train_ISIC_0024322.jpg,5,5
train_ISIC_0024307.jpg,5,5
train_ISIC_0032957.jpg,5,5
train_ISIC_0032585.jpg,5,5
train_ISIC_0026331.jpg,5,5
train_ISIC_0025662.jpg,5,5
train_ISIC_0032815.jpg,5,5
train_ISIC_0026124.jpg,5,2
train_ISIC_0024844.jpg,5,5
train_ISIC_0027755.jpg,5,5
train_ISIC_0024734.jpg,5,5
train_ISIC_0028908.jpg,5,5
train_ISIC_0027840.jpg,5,4
train_ISIC_0025741.jpg,5,5
train_ISIC_0024311.jpg,5,5
train_ISIC_0033045.jpg,5,4
train_ISIC_0028911.jpg,5,5
train_ISIC_0025048.jpg,5,5
train_ISIC_0031010.jpg,5,5
train_ISIC_0024887.jpg,5,5
train_ISIC_0029657.jpg,5,5
train_ISIC_0033097.jpg,5,1
train_ISIC_0031653.jpg,5,5
train_ISIC_0027637.jpg,5,5
train_ISIC_0026534.jpg,5,5
train_ISIC_0027779.jpg,5,5
train_ISIC_0031868.jpg,5,5
train_ISIC_0028435.jpg,5,5
train_ISIC_0025172.jpg,5,5
train_ISIC_0029090.jpg,5,5
train_ISIC_0026050.jpg,5,5
train_ISIC_0030042.jpg,5,5
train_ISIC_0032926.jpg,5,4
train_ISIC_0030186.jpg,5,5
train_ISIC_0031027.jpg,5,5
train_ISIC_0031671.jpg,5,5
train_ISIC_0028896.jpg,5,2
train_ISIC_0024816.jpg,5,5
train_ISIC_0033076.jpg,5,5
train_ISIC_0029639.jpg,5,5
train_ISIC_0033966.jpg,5,5
train_ISIC_0026826.jpg,5,5
train_ISIC_0025669.jpg,5,5
train_ISIC_0026778.jpg,5,5
train_ISIC_0028203.jpg,5,5
train_ISIC_0026550.jpg,5,5
train_ISIC_0028399.jpg,5,5
train_ISIC_0028793.jpg,5,5
train_ISIC_0032027.jpg,5,5
train_ISIC_0024524.jpg,5,5
train_ISIC_0029867.jpg,5,0
train_ISIC_0026228.jpg,5,5
train_ISIC_0029733.jpg,5,5
train_ISIC_0027382.jpg,5,5
train_ISIC_0026332.jpg,5,5
train_ISIC_0031942.jpg,5,4
train_ISIC_0031224.jpg,5,5
train_ISIC_0024698.jpg,5,5
train_ISIC_0032444.jpg,5,4
train_ISIC_0032934.jpg,5,2
train_ISIC_0028945.jpg,5,1
train_ISIC_0026048.jpg,5,4
train_ISIC_0026584.jpg,5,2
train_ISIC_0024397.jpg,5,5
train_ISIC_0030209.jpg,5,4
train_ISIC_0034210.jpg,5,5
train_ISIC_0025118.jpg,5,4
train_ISIC_0030301.jpg,5,5
train_ISIC_0030672.jpg,5,5
train_ISIC_0030671.jpg,5,5
train_ISIC_0031612.jpg,5,4
train_ISIC_0031184.jpg,5,5
train_ISIC_0031771.jpg,5,2
train_ISIC_0029365.jpg,5,5
train_ISIC_0025582.jpg,5,5
train_ISIC_0032593.jpg,5,5
train_ISIC_0029832.jpg,5,5
train_ISIC_0030568.jpg,5,5
train_ISIC_0033481.jpg,5,5
train_ISIC_0029155.jpg,5,5
train_ISIC_0032584.jpg,5,5
train_ISIC_0025051.jpg,5,5
train_ISIC_0033309.jpg,5,4
train_ISIC_0026929.jpg,5,5
train_ISIC_0032205.jpg,5,5
train_ISIC_0032605.jpg,5,5
train_ISIC_0030584.jpg,5,5
train_ISIC_0025162.jpg,5,2
train_ISIC_0031039.jpg,5,4
train_ISIC_0027834.jpg,5,5
train_ISIC_0030093.jpg,5,0
train_ISIC_0029494.jpg,5,5
train_ISIC_0030431.jpg,5,5
train_ISIC_0027099.jpg,5,2
train_ISIC_0031435.jpg,5,5
train_ISIC_0031649.jpg,5,1
train_ISIC_0024718.jpg,5,5
train_ISIC_0025094.jpg,5,5
train_ISIC_0029667.jpg,5,5
train_ISIC_0029894.jpg,5,5
train_ISIC_0028377.jpg,5,5
train_ISIC_0027653.jpg,5,5
train_ISIC_0030347.jpg,5,5
train_ISIC_0030763.jpg,5,5
train_ISIC_0032911.jpg,5,1
train_ISIC_0030595.jpg,5,5
train_ISIC_0030326.jpg,5,5
train_ISIC_0029964.jpg,5,5
train_ISIC_0029981.jpg,5,5
train_ISIC_0033818.jpg,5,5
train_ISIC_0030472.jpg,5,5
train_ISIC_0030322.jpg,5,5
train_ISIC_0030927.jpg,5,5
train_ISIC_0029121.jpg,5,4
train_ISIC_0027205.jpg,5,5
train_ISIC_0028394.jpg,5,5
train_ISIC_0030814.jpg,5,5
train_ISIC_0031544.jpg,5,5
train_ISIC_0033070.jpg,5,1
train_ISIC_0030997.jpg,5,5
train_ISIC_0028266.jpg,5,5
train_ISIC_0027032.jpg,5,5
train_ISIC_0026052.jpg,5,4
train_ISIC_0029423.jpg,5,5
train_ISIC_0032020.jpg,5,5
train_ISIC_0031939.jpg,5,5
train_ISIC_0024549.jpg,5,5
train_ISIC_0029749.jpg,5,2
train_ISIC_0032651.jpg,5,5
train_ISIC_0026665.jpg,5,5
train_ISIC_0031862.jpg,5,5
train_ISIC_0033043.jpg,5,5
train_ISIC_0026659.jpg,5,5
train_ISIC_0024874.jpg,5,5
train_ISIC_0025965.jpg,5,5
train_ISIC_0032130.jpg,5,5
train_ISIC_0025399.jpg,5,5
train_ISIC_0027376.jpg,5,5
train_ISIC_0033374.jpg,5,5
train_ISIC_0025483.jpg,5,5
train_ISIC_0025921.jpg,5,5
train_ISIC_0026839.jpg,5,5
train_ISIC_0032928.jpg,5,5
train_ISIC_0030381.jpg,5,5
train_ISIC_0029476.jpg,5,1
train_ISIC_0028700.jpg,5,5
train_ISIC_0026546.jpg,5,4
train_ISIC_0027129.jpg,5,5
train_ISIC_0024817.jpg,5,5
train_ISIC_0030278.jpg,5,5
train_ISIC_0030500.jpg,5,5
train_ISIC_0032639.jpg,5,5
train_ISIC_0029447.jpg,5,5
train_ISIC_0032263.jpg,5,5
train_ISIC_0025720.jpg,5,5
train_ISIC_0033003.jpg,5,5
train_ISIC_0025226.jpg,5,4
train_ISIC_0024974.jpg,5,5
train_ISIC_0026145.jpg,5,2
train_ISIC_0030221.jpg,5,5
train_ISIC_0033293.jpg,5,5
train_ISIC_0030553.jpg,5,5
train_ISIC_0033650.jpg,5,5
train_ISIC_0024939.jpg,5,5
train_ISIC_0034228.jpg,5,5
train_ISIC_0028477.jpg,5,5
train_ISIC_0029842.jpg,5,5
train_ISIC_0025593.jpg,5,5
train_ISIC_0028552.jpg,5,5
train_ISIC_0025135.jpg,5,3
train_ISIC_0028627.jpg,5,5
train_ISIC_0027501.jpg,5,5
train_ISIC_0033768.jpg,5,2
train_ISIC_0026577.jpg,5,1
train_ISIC_0028174.jpg,5,1
train_ISIC_0032342.jpg,5,5
train_ISIC_0032494.jpg,5,5
train_ISIC_0029185.jpg,5,5
train_ISIC_0031635.jpg,5,2
train_ISIC_0028030.jpg,5,5
train_ISIC_0029597.jpg,5,3
train_ISIC_0032191.jpg,5,4
train_ISIC_0028801.jpg,5,5
train_ISIC_0029798.jpg,5,5
train_ISIC_0031891.jpg,5,5
train_ISIC_0026758.jpg,5,5
train_ISIC_0027941.jpg,5,5
train_ISIC_0026450.jpg,5,5
train_ISIC_0026415.jpg,5,5
train_ISIC_0028340.jpg,5,5
train_ISIC_0026227.jpg,5,5
train_ISIC_0032634.jpg,5,4
train_ISIC_0028031.jpg,5,5
train_ISIC_0031042.jpg,5,5
train_ISIC_0024629.jpg,5,5
train_ISIC_0028835.jpg,5,5
train_ISIC_0031848.jpg,5,1
train_ISIC_0029009.jpg,5,5
train_ISIC_0030407.jpg,5,5
train_ISIC_0030216.jpg,5,5
train_ISIC_0031830.jpg,5,5
train_ISIC_0026432.jpg,5,5
train_ISIC_0024399.jpg,5,5
train_ISIC_0031501.jpg,5,5
train_ISIC_0029971.jpg,5,5
train_ISIC_0025290.jpg,5,5
train_ISIC_0027671.jpg,5,4
train_ISIC_0024651.jpg,5,5
train_ISIC_0025357.jpg,5,5
train_ISIC_0028884.jpg,5,5
train_ISIC_0031877.jpg,5,5
train_ISIC_0029635.jpg,5,5
train_ISIC_0025255.jpg,5,5
train_ISIC_0032088.jpg,5,5
train_ISIC_0030495.jpg,5,5
train_ISIC_0025233.jpg,5,5
train_ISIC_0033667.jpg,5,4
train_ISIC_0030109.jpg,5,5
train_ISIC_0029593.jpg,5,5
train_ISIC_0028596.jpg,5,2
train_ISIC_0032712.jpg,5,4
train_ISIC_0026533.jpg,5,5
train_ISIC_0025762.jpg,5,5
train_ISIC_0027019.jpg,5,5
train_ISIC_0031360.jpg,5,5
train_ISIC_0029812.jpg,5,4
train_ISIC_0027817.jpg,5,5
train_ISIC_0029818.jpg,5,5
train_ISIC_0029086.jpg,5,5
train_ISIC_0026318.jpg,5,5
train_ISIC_0032669.jpg,5,5
train_ISIC_0024859.jpg,5,5
train_ISIC_0031173.jpg,5,5
train_ISIC_0032136.jpg,5,4
train_ISIC_0031104.jpg,5,5
train_ISIC_0031695.jpg,5,5
train_ISIC_0031399.jpg,5,0
train_ISIC_0033002.jpg,5,4
train_ISIC_0029124.jpg,5,2
train_ISIC_0026838.jpg,5,5
train_ISIC_0028663.jpg,5,5
train_ISIC_0024462.jpg,5,5
train_ISIC_0033014.jpg,5,5
train_ISIC_0025371.jpg,5,5
train_ISIC_0033153.jpg,5,5
train_ISIC_0028654.jpg,5,5
train_ISIC_0024965.jpg,5,5
train_ISIC_0033096.jpg,5,3
train_ISIC_0026119.jpg,5,5
train_ISIC_0026879.jpg,5,5
train_ISIC_0033729.jpg,5,4
train_ISIC_0026389.jpg,5,2
train_ISIC_0024660.jpg,5,5
train_ISIC_0030046.jpg,5,5
train_ISIC_0028547.jpg,5,5
train_ISIC_0026850.jpg,5,5
train_ISIC_0025372.jpg,5,4
train_ISIC_0031898.jpg,5,5
train_ISIC_0026683.jpg,5,5
train_ISIC_0024959.jpg,5,5
train_ISIC_0029073.jpg,5,5
train_ISIC_0024344.jpg,5,4
train_ISIC_0026102.jpg,5,5
train_ISIC_0033021.jpg,5,5
train_ISIC_0027643.jpg,5,4
train_ISIC_0032755.jpg,5,5
train_ISIC_0027871.jpg,5,5
train_ISIC_0024754.jpg,5,5
train_ISIC_0030103.jpg,5,5
train_ISIC_0026097.jpg,5,4
train_ISIC_0026027.jpg,5,5
train_ISIC_0029168.jpg,5,5
train_ISIC_0028906.jpg,5,5
train_ISIC_0031742.jpg,5,1
train_ISIC_0032945.jpg,5,5
train_ISIC_0027835.jpg,5,5
train_ISIC_0029960.jpg,5,5
train_ISIC_0033588.jpg,5,4
train_ISIC_0025586.jpg,5,5
train_ISIC_0030153.jpg,5,5
train_ISIC_0027948.jpg,5,5
train_ISIC_0027870.jpg,5,5
train_ISIC_0030099.jpg,5,5
train_ISIC_0030537.jpg,5,4
train_ISIC_0025353.jpg,5,5
train_ISIC_0031267.jpg,5,5
train_ISIC_0031281.jpg,5,5
train_ISIC_0025348.jpg,5,5
train_ISIC_0024578.jpg,5,5
train_ISIC_0027423.jpg,5,6
train_ISIC_0030136.jpg,5,5
train_ISIC_0027375.jpg,5,4
train_ISIC_0027158.jpg,5,5
train_ISIC_0029950.jpg,5,5
train_ISIC_0034090.jpg,5,1
train_ISIC_0027972.jpg,5,5
train_ISIC_0028566.jpg,5,5
train_ISIC_0026220.jpg,5,5
train_ISIC_0033065.jpg,5,5
train_ISIC_0025522.jpg,5,5
train_ISIC_0029173.jpg,5,5
train_ISIC_0027803.jpg,5,5
train_ISIC_0029122.jpg,5,5
train_ISIC_0026061.jpg,5,5
train_ISIC_0025750.jpg,5,5
train_ISIC_0028046.jpg,5,5
train_ISIC_0027299.jpg,5,5
train_ISIC_0030957.jpg,5,5
train_ISIC_0034069.jpg,5,2
train_ISIC_0026563.jpg,5,5
train_ISIC_0031622.jpg,5,2
train_ISIC_0032413.jpg,5,5
train_ISIC_0025845.jpg,5,5
train_ISIC_0032679.jpg,5,5
train_ISIC_0029234.jpg,5,5
train_ISIC_0032625.jpg,5,5
train_ISIC_0028738.jpg,5,5
train_ISIC_0029560.jpg,5,4
train_ISIC_0028402.jpg,5,5
train_ISIC_0029120.jpg,5,5
train_ISIC_0031161.jpg,5,5
train_ISIC_0026214.jpg,5,5
train_ISIC_0028602.jpg,5,5
train_ISIC_0030867.jpg,5,5
train_ISIC_0030168.jpg,5,5
train_ISIC_0028034.jpg,5,5
train_ISIC_0034156.jpg,5,3
train_ISIC_0033208.jpg,5,1
train_ISIC_0025142.jpg,5,5
train_ISIC_0028492.jpg,5,5
train_ISIC_0031768.jpg,5,5
train_ISIC_0025768.jpg,5,5
train_ISIC_0032944.jpg,5,5
train_ISIC_0026305.jpg,5,2
train_ISIC_0028356.jpg,5,5
train_ISIC_0027624.jpg,5,5
train_ISIC_0028484.jpg,5,4
train_ISIC_0027881.jpg,5,5
train_ISIC_0026333.jpg,5,4
train_ISIC_0025863.jpg,5,5
train_ISIC_0026552.jpg,5,5
train_ISIC_0026685.jpg,5,5
train_ISIC_0026666.jpg,5,6
train_ISIC_0025137.jpg,5,5
train_ISIC_0031447.jpg,5,5
train_ISIC_0024441.jpg,5,5
train_ISIC_0024565.jpg,5,5
train_ISIC_0031798.jpg,5,4
train_ISIC_0027292.jpg,5,5
train_ISIC_0031487.jpg,5,5
train_ISIC_0024385.jpg,5,5
train_ISIC_0024819.jpg,5,5
train_ISIC_0030992.jpg,5,5
train_ISIC_0032217.jpg,5,5
train_ISIC_0026160.jpg,5,5
train_ISIC_0029451.jpg,5,5
train_ISIC_0026921.jpg,5,4
train_ISIC_0030274.jpg,5,5
train_ISIC_0033116.jpg,5,4
train_ISIC_0026866.jpg,5,4
train_ISIC_0030708.jpg,5,5
train_ISIC_0024854.jpg,5,5
train_ISIC_0029934.jpg,5,5
train_ISIC_0026943.jpg,5,5
train_ISIC_0025095.jpg,5,5
train_ISIC_0031717.jpg,5,5
train_ISIC_0030009.jpg,5,5
train_ISIC_0032783.jpg,5,4
train_ISIC_0031425.jpg,5,5
train_ISIC_0027539.jpg,5,5
train_ISIC_0029583.jpg,5,5
train_ISIC_0029001.jpg,5,2
train_ISIC_0028836.jpg,5,3
train_ISIC_0032574.jpg,5,2
train_ISIC_0028413.jpg,5,1
train_ISIC_0025156.jpg,5,5
train_ISIC_0027207.jpg,5,5
train_ISIC_0026242.jpg,5,5
train_ISIC_0025041.jpg,5,5
train_ISIC_0027534.jpg,5,5
train_ISIC_0024703.jpg,5,5
train_ISIC_0032571.jpg,5,4
train_ISIC_0027823.jpg,5,5
train_ISIC_0025979.jpg,5,5
train_ISIC_0031654.jpg,5,5
train_ISIC_0033771.jpg,5,5
train_ISIC_0033832.jpg,5,4
train_ISIC_0033433.jpg,5,0
train_ISIC_0026035.jpg,5,5
train_ISIC_0027080.jpg,5,5
train_ISIC_0026469.jpg,5,5
train_ISIC_0030667.jpg,5,5
train_ISIC_0030429.jpg,5,1
train_ISIC_0025765.jpg,5,5
train_ISIC_0028959.jpg,5,5
train_ISIC_0031938.jpg,5,5
train_ISIC_0026253.jpg,5,5
train_ISIC_0028996.jpg,5,5
train_ISIC_0026303.jpg,5,5
train_ISIC_0032744.jpg,5,4
train_ISIC_0032964.jpg,5,5
train_ISIC_0026982.jpg,5,5
train_ISIC_0029697.jpg,5,5
train_ISIC_0028798.jpg,5,5
train_ISIC_0027010.jpg,5,2
train_ISIC_0026379.jpg,5,5
train_ISIC_0030069.jpg,5,4
train_ISIC_0024434.jpg,5,5
train_ISIC_0031757.jpg,5,2
train_ISIC_0026715.jpg,5,5
train_ISIC_0028618.jpg,5,1
train_ISIC_0024769.jpg,5,5
train_ISIC_0025444.jpg,5,5
train_ISIC_0026208.jpg,5,5
train_ISIC_0024526.jpg,5,5
train_ISIC_0025528.jpg,5,5
train_ISIC_0032065.jpg,5,0
train_ISIC_0028669.jpg,5,5
train_ISIC_0025761.jpg,5,5
train_ISIC_0029883.jpg,5,5
train_ISIC_0024713.jpg,5,5
train_ISIC_0033118.jpg,5,1
train_ISIC_0030502.jpg,5,5
train_ISIC_0029438.jpg,5,4
train_ISIC_0032487.jpg,5,5
train_ISIC_0025523.jpg,5,5
train_ISIC_0033227.jpg,5,5
train_ISIC_0028074.jpg,5,5
train_ISIC_0030302.jpg,5,5
train_ISIC_0027497.jpg,5,4
train_ISIC_0027404.jpg,5,5
train_ISIC_0026616.jpg,5,5
train_ISIC_0028422.jpg,5,5
train_ISIC_0029167.jpg,5,5
train_ISIC_0029160.jpg,5,4
train_ISIC_0028470.jpg,5,5
train_ISIC_0027833.jpg,5,5
train_ISIC_0034082.jpg,5,5
train_ISIC_0027766.jpg,5,5
train_ISIC_0032431.jpg,5,5
train_ISIC_0034177.jpg,5,3
train_ISIC_0031397.jpg,5,5
train_ISIC_0025270.jpg,5,5
train_ISIC_0033711.jpg,5,5
train_ISIC_0025020.jpg,5,2
train_ISIC_0028808.jpg,5,1
train_ISIC_0030406.jpg,5,5
train_ISIC_0024398.jpg,5,5
train_ISIC_0028886.jpg,5,5
train_ISIC_0027750.jpg,5,5
train_ISIC_0025895.jpg,5,5
train_ISIC_0025690.jpg,5,5
train_ISIC_0025022.jpg,5,5
train_ISIC_0026784.jpg,5,4
train_ISIC_0030587.jpg,5,5
train_ISIC_0032467.jpg,5,5
train_ISIC_0033028.jpg,5,4
train_ISIC_0030977.jpg,5,2
train_ISIC_0024335.jpg,5,5
train_ISIC_0028580.jpg,5,5
train_ISIC_0031930.jpg,5,4
train_ISIC_0029577.jpg,5,1
train_ISIC_0027583.jpg,5,5
train_ISIC_0032884.jpg,5,5
train_ISIC_0027569.jpg,5,2
train_ISIC_0033455.jpg,5,4
train_ISIC_0028362.jpg,5,5
train_ISIC_0028559.jpg,5,4
train_ISIC_0027391.jpg,5,5
train_ISIC_0032787.jpg,5,4
train_ISIC_0027128.jpg,5,5
train_ISIC_0024862.jpg,5,5
train_ISIC_0031073.jpg,5,5
train_ISIC_0032705.jpg,5,5
train_ISIC_0027124.jpg,5,5
train_ISIC_0024378.jpg,5,5
train_ISIC_0030673.jpg,5,5
train_ISIC_0028946.jpg,5,5
train_ISIC_0033746.jpg,5,5
train_ISIC_0028292.jpg,5,5
train_ISIC_0026030.jpg,5,5
train_ISIC_0029696.jpg,5,4
train_ISIC_0029468.jpg,5,5
train_ISIC_0033610.jpg,5,4
train_ISIC_0025639.jpg,5,5
train_ISIC_0033615.jpg,5,4
train_ISIC_0026710.jpg,5,5
train_ISIC_0024906.jpg,5,5
train_ISIC_0031978.jpg,5,5
train_ISIC_0029701.jpg,5,5
train_ISIC_0033188.jpg,5,5
train_ISIC_0024695.jpg,5,4
train_ISIC_0026920.jpg,5,5
train_ISIC_0034178.jpg,5,5
train_ISIC_0033564.jpg,5,4
train_ISIC_0024392.jpg,5,5
train_ISIC_0029890.jpg,5,5
train_ISIC_0027052.jpg,5,6
train_ISIC_0025870.jpg,5,2
train_ISIC_0031632.jpg,5,5
train_ISIC_0025432.jpg,5,5
train_ISIC_0026451.jpg,5,2
train_ISIC_0025491.jpg,5,5
train_ISIC_0025812.jpg,5,4
train_ISIC_0031082.jpg,5,5
train_ISIC_0031238.jpg,5,2
train_ISIC_0028741.jpg,5,5
train_ISIC_0032196.jpg,5,5
train_ISIC_0025540.jpg,5,5
train_ISIC_0030741.jpg,5,4
train_ISIC_0026019.jpg,5,5
train_ISIC_0030715.jpg,5,5
train_ISIC_0024491.jpg,5,5
train_ISIC_0029804.jpg,5,5
train_ISIC_0026200.jpg,5,5
train_ISIC_0025420.jpg,5,5
train_ISIC_0031688.jpg,5,5
train_ISIC_0030049.jpg,5,5
train_ISIC_0025163.jpg,5,5
train_ISIC_0029437.jpg,5,5
train_ISIC_0024804.jpg,5,5
train_ISIC_0033179.jpg,5,5
train_ISIC_0030562.jpg,5,5
train_ISIC_0029204.jpg,5,5
train_ISIC_0034122.jpg,5,5
train_ISIC_0033351.jpg,5,2
train_ISIC_0031477.jpg,5,5
train_ISIC_0026162.jpg,5,5
train_ISIC_0026241.jpg,5,5
train_ISIC_0030875.jpg,5,5
train_ISIC_0029762.jpg,5,5
train_ISIC_0026918.jpg,5,5
train_ISIC_0031076.jpg,5,4
train_ISIC_0027247.jpg,5,5
train_ISIC_0032018.jpg,5,5
train_ISIC_0029046.jpg,5,2
train_ISIC_0028369.jpg,5,5
train_ISIC_0026509.jpg,5,5
train_ISIC_0025340.jpg,5,5
train_ISIC_0032388.jpg,5,5
train_ISIC_0025092.jpg,5,5
train_ISIC_0026557.jpg,5,5
train_ISIC_0031669.jpg,5,5
train_ISIC_0033044.jpg,5,2
train_ISIC_0031297.jpg,5,5
train_ISIC_0030847.jpg,5,5
train_ISIC_0024903.jpg,5,5
train_ISIC_0033234.jpg,5,4
train_ISIC_0024938.jpg,5,2
train_ISIC_0030409.jpg,5,5
train_ISIC_0027092.jpg,5,5
train_ISIC_0026180.jpg,5,5
train_ISIC_0033421.jpg,5,4
train_ISIC_0030558.jpg,5,5
train_ISIC_0027181.jpg,5,5
train_ISIC_0033755.jpg,5,5
train_ISIC_0031551.jpg,5,5
train_ISIC_0030290.jpg,5,5
train_ISIC_0026860.jpg,5,5
train_ISIC_0026646.jpg,5,5
train_ISIC_0030674.jpg,5,2
train_ISIC_0031308.jpg,5,5
train_ISIC_0027571.jpg,5,5
train_ISIC_0028091.jpg,5,5
train_ISIC_0033933.jpg,5,4
train_ISIC_0026597.jpg,5,5
train_ISIC_0027039.jpg,5,5
train_ISIC_0027886.jpg,5,5
train_ISIC_0025126.jpg,5,5
train_ISIC_0029303.jpg,5,5
train_ISIC_0025310.jpg,5,2
train_ISIC_0031832.jpg,5,4
train_ISIC_0029637.jpg,5,5
train_ISIC_0024836.jpg,5,1
train_ISIC_0033617.jpg,5,4
train_ISIC_0032080.jpg,5,5
train_ISIC_0033649.jpg,5,5
train_ISIC_0030745.jpg,5,5
train_ISIC_0031959.jpg,5,2
train_ISIC_0027013.jpg,5,5
train_ISIC_0024389.jpg,5,5
train_ISIC_0029098.jpg,5,5
train_ISIC_0025833.jpg,5,5
train_ISIC_0027635.jpg,5,5
train_ISIC_0031274.jpg,5,5
train_ISIC_0030735.jpg,5,5
train_ISIC_0025538.jpg,5,5
train_ISIC_0027446.jpg,5,5
train_ISIC_0028108.jpg,5,5
train_ISIC_0024944.jpg,5,5
train_ISIC_0028883.jpg,5,5
train_ISIC_0029461.jpg,5,5
train_ISIC_0026602.jpg,5,5
train_ISIC_0028217.jpg,5,5
train_ISIC_0025569.jpg,5,5
train_ISIC_0029850.jpg,5,5
train_ISIC_0027252.jpg,5,5
train_ISIC_0031788.jpg,5,5
train_ISIC_0030131.jpg,5,5
train_ISIC_0027498.jpg,5,5
train_ISIC_0027810.jpg,5,5
train_ISIC_0030108.jpg,5,5
train_ISIC_0025802.jpg,5,5
train_ISIC_0026515.jpg,5,5
train_ISIC_0029093.jpg,5,4
train_ISIC_0026222.jpg,5,4
train_ISIC_0026445.jpg,5,5
train_ISIC_0033492.jpg,5,4
train_ISIC_0029044.jpg,5,5
train_ISIC_0027051.jpg,5,1
train_ISIC_0029424.jpg,5,5
train_ISIC_0027213.jpg,5,2
train_ISIC_0027926.jpg,5,5
train_ISIC_0030942.jpg,5,4
train_ISIC_0032392.jpg,5,5
train_ISIC_0025823.jpg,5,4
train_ISIC_0028247.jpg,5,5
train_ISIC_0026392.jpg,5,5
train_ISIC_0028281.jpg,5,2
train_ISIC_0033389.jpg,5,5
train_ISIC_0024668.jpg,5,5
train_ISIC_0030582.jpg,5,2
train_ISIC_0034307.jpg,5,4
train_ISIC_0024945.jpg,5,5
train_ISIC_0027988.jpg,5,4
train_ISIC_0028359.jpg,5,5
train_ISIC_0028703.jpg,5,5
train_ISIC_0033574.jpg,5,5
train_ISIC_0029507.jpg,5,5
train_ISIC_0026235.jpg,5,5
train_ISIC_0026211.jpg,5,5
train_ISIC_0025479.jpg,5,5
train_ISIC_0033852.jpg,5,5
train_ISIC_0029465.jpg,5,4
train_ISIC_0024882.jpg,5,2
train_ISIC_0025561.jpg,5,3
train_ISIC_0031127.jpg,5,2
train_ISIC_0025096.jpg,5,5
train_ISIC_0030054.jpg,5,5
train_ISIC_0025864.jpg,5,5
train_ISIC_0026328.jpg,5,5
train_ISIC_0032691.jpg,5,5
train_ISIC_0029356.jpg,5,5
train_ISIC_0027853.jpg,5,4
train_ISIC_0032802.jpg,5,5
train_ISIC_0026099.jpg,5,5
train_ISIC_0033009.jpg,5,5
train_ISIC_0026355.jpg,5,5
train_ISIC_0031247.jpg,5,5
train_ISIC_0033058.jpg,5,4
train_ISIC_0032189.jpg,5,5
train_ISIC_0031028.jpg,5,5
train_ISIC_0033915.jpg,5,5
train_ISIC_0024447.jpg,5,4
train_ISIC_0026935.jpg,5,5
train_ISIC_0030195.jpg,5,5
train_ISIC_0024980.jpg,5,5
train_ISIC_0031097.jpg,5,5
train_ISIC_0027265.jpg,5,4
train_ISIC_0033176.jpg,5,2
train_ISIC_0031115.jpg,5,4
train_ISIC_0034137.jpg,5,4
train_ISIC_0027696.jpg,5,5
train_ISIC_0027581.jpg,5,5
train_ISIC_0032595.jpg,5,4
train_ISIC_0031729.jpg,5,5
train_ISIC_0028589.jpg,5,6
train_ISIC_0028533.jpg,5,5
train_ISIC_0028397.jpg,5,5
train_ISIC_0028904.jpg,5,5
train_ISIC_0027040.jpg,5,5
train_ISIC_0026024.jpg,5,5
train_ISIC_0025189.jpg,5,5
train_ISIC_0033555.jpg,5,4
train_ISIC_0031847.jpg,5,5
train_ISIC_0024657.jpg,5,4
train_ISIC_0028510.jpg,5,5
train_ISIC_0029364.jpg,5,5
train_ISIC_0030791.jpg,5,5
train_ISIC_0025227.jpg,5,4
train_ISIC_0025271.jpg,5,4
train_ISIC_0028028.jpg,5,5
train_ISIC_0032874.jpg,5,4
train_ISIC_0027619.jpg,5,5
train_ISIC_0031422.jpg,5,5
train_ISIC_0025527.jpg,5,3
train_ISIC_0030037.jpg,5,5
train_ISIC_0028661.jpg,5,5
train_ISIC_0028617.jpg,5,5
train_ISIC_0027198.jpg,5,5
train_ISIC_0028806.jpg,5,5
train_ISIC_0029252.jpg,5,0
train_ISIC_0030854.jpg,5,5
train_ISIC_0025054.jpg,5,5
train_ISIC_0032446.jpg,5,5
train_ISIC_0031902.jpg,5,5
train_ISIC_0031455.jpg,5,5
train_ISIC_0027879.jpg,5,5
train_ISIC_0025558.jpg,5,5
train_ISIC_0030198.jpg,5,5
train_ISIC_0027413.jpg,5,5
train_ISIC_0030481.jpg,5,5
train_ISIC_0025562.jpg,5,1
train_ISIC_0025905.jpg,5,5
train_ISIC_0025494.jpg,5,5
train_ISIC_0030834.jpg,5,5
train_ISIC_0027500.jpg,5,5
train_ISIC_0032090.jpg,5,1
train_ISIC_0030617.jpg,5,5
train_ISIC_0032521.jpg,5,4
train_ISIC_0026501.jpg,5,5
train_ISIC_0026168.jpg,5,5
train_ISIC_0028762.jpg,5,5
train_ISIC_0029011.jpg,5,5
train_ISIC_0024837.jpg,5,5
train_ISIC_0030947.jpg,5,5
train_ISIC_0027594.jpg,5,5
train_ISIC_0026726.jpg,5,0
train_ISIC_0030603.jpg,5,2
train_ISIC_0027749.jpg,5,5
train_ISIC_0030996.jpg,5,5
train_ISIC_0033840.jpg,5,4
train_ISIC_0026189.jpg,5,5
train_ISIC_0031714.jpg,5,5
train_ISIC_0029264.jpg,5,5
train_ISIC_0032145.jpg,5,5
train_ISIC_0028128.jpg,5,2
train_ISIC_0025545.jpg,5,5
train_ISIC_0025760.jpg,5,5
train_ISIC_0031936.jpg,5,5
train_ISIC_0030141.jpg,5,5
train_ISIC_0026491.jpg,5,4
train_ISIC_0026938.jpg,5,5
train_ISIC_0030971.jpg,5,5
train_ISIC_0026401.jpg,5,4
train_ISIC_0030166.jpg,5,5
train_ISIC_0030156.jpg,5,2
train_ISIC_0025991.jpg,5,5
train_ISIC_0027483.jpg,5,5
train_ISIC_0032260.jpg,5,4
train_ISIC_0026589.jpg,5,5
train_ISIC_0029162.jpg,5,5
train_ISIC_0032674.jpg,5,4
train_ISIC_0024569.jpg,5,5
train_ISIC_0027136.jpg,5,5
train_ISIC_0026733.jpg,5,5
train_ISIC_0033556.jpg,5,5
train_ISIC_0027707.jpg,5,4
train_ISIC_0033367.jpg,5,4
train_ISIC_0030466.jpg,5,5
train_ISIC_0030003.jpg,5,5
train_ISIC_0028824.jpg,5,5
train_ISIC_0027096.jpg,5,5
train_ISIC_0032106.jpg,5,5
train_ISIC_0031772.jpg,5,5
train_ISIC_0031919.jpg,5,0
train_ISIC_0024991.jpg,5,5
train_ISIC_0032858.jpg,5,5
train_ISIC_0033315.jpg,5,4
train_ISIC_0027079.jpg,5,5
train_ISIC_0033647.jpg,5,5
train_ISIC_0025859.jpg,5,5
train_ISIC_0024542.jpg,5,5
train_ISIC_0027936.jpg,5,5
train_ISIC_0027422.jpg,5,5
train_ISIC_0027453.jpg,5,5
train_ISIC_0027970.jpg,5,5
train_ISIC_0034102.jpg,5,5
train_ISIC_0030633.jpg,5,5
train_ISIC_0034185.jpg,5,5
train_ISIC_0028366.jpg,5,5
train_ISIC_0032023.jpg,5,5
train_ISIC_0033040.jpg,5,4
train_ISIC_0033566.jpg,5,4
train_ISIC_0031069.jpg,5,5
train_ISIC_0028658.jpg,5,5
train_ISIC_0033857.jpg,5,2
train_ISIC_0028967.jpg,5,5
train_ISIC_0024388.jpg,5,5
train_ISIC_0029916.jpg,5,5
train_ISIC_0024659.jpg,5,5
train_ISIC_0024899.jpg,5,5
train_ISIC_0025896.jpg,5,5
train_ISIC_0032472.jpg,5,5
train_ISIC_0030412.jpg,5,5
train_ISIC_0032948.jpg,5,4
train_ISIC_0028045.jpg,5,5
train_ISIC_0031179.jpg,5,5
train_ISIC_0031765.jpg,5,5
train_ISIC_0029219.jpg,5,5
train_ISIC_0031652.jpg,5,5
train_ISIC_0031583.jpg,5,5
train_ISIC_0028257.jpg,5,5
train_ISIC_0028873.jpg,5,2
train_ISIC_0028152.jpg,5,5
train_ISIC_0030817.jpg,5,5
train_ISIC_0031786.jpg,5,5
train_ISIC_0028966.jpg,5,5
train_ISIC_0028998.jpg,5,5
train_ISIC_0031067.jpg,5,5
train_ISIC_0027474.jpg,5,5
train_ISIC_0032077.jpg,5,5
train_ISIC_0032579.jpg,5,3
train_ISIC_0029314.jpg,5,5
train_ISIC_0025062.jpg,5,4
train_ISIC_0030682.jpg,5,5
train_ISIC_0031343.jpg,5,5
train_ISIC_0028396.jpg,5,5
train_ISIC_0024765.jpg,5,5
train_ISIC_0025607.jpg,5,5
train_ISIC_0025184.jpg,5,5
train_ISIC_0031210.jpg,5,5
train_ISIC_0027493.jpg,5,5
train_ISIC_0025740.jpg,5,5
train_ISIC_0031139.jpg,5,5
train_ISIC_0029411.jpg,5,5
train_ISIC_0031560.jpg,5,4
train_ISIC_0025447.jpg,5,5
train_ISIC_0027249.jpg,5,2
train_ISIC_0030519.jpg,5,5
train_ISIC_0030325.jpg,5,5
train_ISIC_0027910.jpg,5,5
train_ISIC_0028643.jpg,5,2
train_ISIC_0025221.jpg,5,5
train_ISIC_0028761.jpg,5,4
train_ISIC_0027885.jpg,5,5
train_ISIC_0030331.jpg,5,5
train_ISIC_0027389.jpg,5,5
train_ISIC_0033837.jpg,5,5
train_ISIC_0030571.jpg,5,5
train_ISIC_0026359.jpg,5,4
train_ISIC_0031617.jpg,5,1
train_ISIC_0027250.jpg,5,1
train_ISIC_0027412.jpg,5,2
train_ISIC_0026660.jpg,5,5
train_ISIC_0029543.jpg,5,5
train_ISIC_0024407.jpg,5,5
train_ISIC_0029590.jpg,5,5
train_ISIC_0031311.jpg,5,5
train_ISIC_0032108.jpg,5,5
train_ISIC_0034274.jpg,5,4
train_ISIC_0027572.jpg,5,5
train_ISIC_0025461.jpg,5,5
train_ISIC_0030235.jpg,5,5
train_ISIC_0030273.jpg,5,4
train_ISIC_0031068.jpg,5,5
train_ISIC_0033718.jpg,5,4
train_ISIC_0028988.jpg,5,5
train_ISIC_0031787.jpg,5,5
train_ISIC_0032176.jpg,5,4
train_ISIC_0027882.jpg,5,5
train_ISIC_0031031.jpg,5,4
train_ISIC_0030457.jpg,5,5
train_ISIC_0033850.jpg,5,4
train_ISIC_0032237.jpg,5,5
train_ISIC_0026504.jpg,5,2
train_ISIC_0031092.jpg,5,5
train_ISIC_0031792.jpg,5,5
train_ISIC_0024917.jpg,5,5
train_ISIC_0028949.jpg,5,5
train_ISIC_0031030.jpg,5,5
train_ISIC_0029972.jpg,5,5
train_ISIC_0033745.jpg,5,5
train_ISIC_0024416.jpg,5,5
train_ISIC_0028131.jpg,5,5
train_ISIC_0032188.jpg,5,5
train_ISIC_0030931.jpg,5,5
train_ISIC_0025658.jpg,5,5
train_ISIC_0030064.jpg,5,1
train_ISIC_0025110.jpg,5,5
train_ISIC_0025563.jpg,5,5
train_ISIC_0026368.jpg,5,5
train_ISIC_0029623.jpg,5,5
train_ISIC_0024907.jpg,5,5
train_ISIC_0030840.jpg,5,4
train_ISIC_0029433.jpg,5,5
train_ISIC_0032266.jpg,5,5
train_ISIC_0026512.jpg,5,5
train_ISIC_0032295.jpg,5,5
train_ISIC_0029923.jpg,5,5
train_ISIC_0029208.jpg,5,6
train_ISIC_0033621.jpg,5,4
train_ISIC_0028902.jpg,5,5
train_ISIC_0029729.jpg,5,5
train_ISIC_0030201.jpg,5,5
train_ISIC_0033751.jpg,5,4
train_ISIC_0031727.jpg,5,2
train_ISIC_0032172.jpg,5,5
train_ISIC_0031021.jpg,5,5
train_ISIC_0032801.jpg,5,5
train_ISIC_0029846.jpg,5,5
train_ISIC_0030469.jpg,5,5
train_ISIC_0027690.jpg,5,5
train_ISIC_0030437.jpg,5,5
train_ISIC_0024390.jpg,5,5
train_ISIC_0025902.jpg,5,1
train_ISIC_0028891.jpg,5,5
train_ISIC_0027237.jpg,5,0
train_ISIC_0024414.jpg,5,5
train_ISIC_0032243.jpg,5,4
train_ISIC_0027596.jpg,5,5
train_ISIC_0028374.jpg,5,5
train_ISIC_0027491.jpg,5,5
train_ISIC_0033739.jpg,5,1
train_ISIC_0024941.jpg,5,2
train_ISIC_0027396.jpg,5,5
train_ISIC_0028261.jpg,5,4
train_ISIC_0025568.jpg,5,5
train_ISIC_0028999.jpg,5,5
train_ISIC_0030306.jpg,5,5
train_ISIC_0026116.jpg,5,5
train_ISIC_0033950.jpg,5,4
train_ISIC_0027914.jpg,5,5
train_ISIC_0030252.jpg,5,5
train_ISIC_0029670.jpg,5,5
train_ISIC_0032780.jpg,5,4
train_ISIC_0028987.jpg,5,5
train_ISIC_0024316.jpg,5,5
train_ISIC_0031264.jpg,5,5
train_ISIC_0030082.jpg,5,4
train_ISIC_0032351.jpg,5,5
train_ISIC_0033909.jpg,5,5
train_ISIC_0033211.jpg,5,4
train_ISIC_0025901.jpg,5,5
train_ISIC_0032361.jpg,5,5
train_ISIC_0031596.jpg,5,4
train_ISIC_0030628.jpg,5,5
train_ISIC_0028226.jpg,5,5
train_ISIC_0029258.jpg,5,5
train_ISIC_0030928.jpg,5,5
train_ISIC_0030470.jpg,5,5
train_ISIC_0026495.jpg,5,5
train_ISIC_0031895.jpg,5,4
train_ISIC_0029144.jpg,5,5
train_ISIC_0033639.jpg,5,4
train_ISIC_0030474.jpg,5,5
train_ISIC_0030035.jpg,5,5
train_ISIC_0028105.jpg,5,5
train_ISIC_0024601.jpg,5,5
train_ISIC_0027186.jpg,5,5
train_ISIC_0024611.jpg,5,5
train_ISIC_0025821.jpg,5,5
train_ISIC_0026771.jpg,5,5
train_ISIC_0027977.jpg,5,5
train_ISIC_0032180.jpg,5,5
train_ISIC_0024566.jpg,5,1
train_ISIC_0029879.jpg,5,5
train_ISIC_0024724.jpg,5,5
train_ISIC_0032419.jpg,5,5
train_ISIC_0033119.jpg,5,4
train_ISIC_0024356.jpg,5,5
train_ISIC_0032621.jpg,5,5
train_ISIC_0028430.jpg,5,5
train_ISIC_0025445.jpg,5,5
train_ISIC_0027697.jpg,5,5
train_ISIC_0024790.jpg,5,4
train_ISIC_0032882.jpg,5,5
train_ISIC_0032713.jpg,5,5
train_ISIC_0032363.jpg,5,2
train_ISIC_0031883.jpg,5,5
train_ISIC_0026925.jpg,5,5
train_ISIC_0031265.jpg,5,5
train_ISIC_0034110.jpg,5,5
train_ISIC_0032470.jpg,5,1
train_ISIC_0025532.jpg,5,5
train_ISIC_0032548.jpg,5,4
train_ISIC_0025860.jpg,5,2
train_ISIC_0033637.jpg,5,5
train_ISIC_0030393.jpg,5,5
train_ISIC_0024570.jpg,5,5
train_ISIC_0028403.jpg,5,2
train_ISIC_0029074.jpg,5,5
train_ISIC_0029544.jpg,5,2
train_ISIC_0030860.jpg,5,5
train_ISIC_0029218.jpg,5,5
train_ISIC_0034010.jpg,5,4
train_ISIC_0025551.jpg,5,5
train_ISIC_0025676.jpg,5,5
train_ISIC_0030494.jpg,5,5
train_ISIC_0027347.jpg,5,5
train_ISIC_0033671.jpg,5,3
train_ISIC_0032058.jpg,5,5
train_ISIC_0028855.jpg,5,5
train_ISIC_0033148.jpg,5,5
train_ISIC_0027592.jpg,5,5
train_ISIC_0032628.jpg,5,5
train_ISIC_0025792.jpg,5,5
train_ISIC_0031683.jpg,5,5
train_ISIC_0032931.jpg,5,4
train_ISIC_0028616.jpg,5,5
train_ISIC_0032377.jpg,5,5
train_ISIC_0026025.jpg,5,5
train_ISIC_0025981.jpg,5,5
train_ISIC_0030900.jpg,5,5
train_ISIC_0031036.jpg,5,4
train_ISIC_0026688.jpg,5,5
train_ISIC_0025629.jpg,5,5
train_ISIC_0033064.jpg,5,2
train_ISIC_0029609.jpg,5,5
train_ISIC_0030086.jpg,5,5
train_ISIC_0028143.jpg,5,5
train_ISIC_0024636.jpg,5,5
train_ISIC_0025646.jpg,5,5
train_ISIC_0032923.jpg,5,4
train_ISIC_0026095.jpg,5,5
train_ISIC_0025119.jpg,5,5
train_ISIC_0034081.jpg,5,5
train_ISIC_0030732.jpg,5,4
train_ISIC_0025704.jpg,5,5
train_ISIC_0034213.jpg,5,5
train_ISIC_0025495.jpg,5,5
train_ISIC_0029493.jpg,5,5
train_ISIC_0030615.jpg,5,5
train_ISIC_0029876.jpg,5,5
train_ISIC_0032096.jpg,5,2
train_ISIC_0027036.jpg,5,4
train_ISIC_0024731.jpg,5,5
train_ISIC_0028078.jpg,5,5
train_ISIC_0032224.jpg,5,5
train_ISIC_0032530.jpg,5,5
train_ISIC_0030424.jpg,5,5
train_ISIC_0028296.jpg,5,5
train_ISIC_0026098.jpg,5,5
train_ISIC_0029834.jpg,5,5
train_ISIC_0033225.jpg,5,4
train_ISIC_0033134.jpg,5,2
train_ISIC_0031966.jpg,5,5
train_ISIC_0027356.jpg,5,5
train_ISIC_0027484.jpg,5,5
train_ISIC_0025827.jpg,5,5
train_ISIC_0026684.jpg,5,5
train_ISIC_0032735.jpg,5,4
train_ISIC_0033402.jpg,5,5
train_ISIC_0024580.jpg,5,5
train_ISIC_0031860.jpg,5,5
train_ISIC_0028417.jpg,5,5
train_ISIC_0028116.jpg,5,4
train_ISIC_0027656.jpg,5,5
train_ISIC_0028439.jpg,5,5
train_ISIC_0025429.jpg,5,5
train_ISIC_0028638.jpg,5,5
train_ISIC_0030248.jpg,5,5
train_ISIC_0024955.jpg,5,5
train_ISIC_0031603.jpg,5,4
train_ISIC_0028067.jpg,5,5
train_ISIC_0029994.jpg,5,4
train_ISIC_0030532.jpg,5,4
train_ISIC_0032275.jpg,5,5
train_ISIC_0028088.jpg,5,5
train_ISIC_0028193.jpg,5,5
train_ISIC_0031638.jpg,5,5
train_ISIC_0029510.jpg,5,5
train_ISIC_0032421.jpg,5,4
train_ISIC_0026890.jpg,5,3
train_ISIC_0027267.jpg,5,5
train_ISIC_0031963.jpg,5,2
train_ISIC_0031928.jpg,5,5
train_ISIC_0027225.jpg,5,5
train_ISIC_0025482.jpg,5,5
train_ISIC_0034019.jpg,5,4
train_ISIC_0030934.jpg,5,5
train_ISIC_0028268.jpg,5,5
train_ISIC_0026297.jpg,5,1
train_ISIC_0030077.jpg,5,2
train_ISIC_0025042.jpg,5,5
train_ISIC_0030355.jpg,5,5
train_ISIC_0026182.jpg,5,5
train_ISIC_0028140.jpg,5,5
train_ISIC_0026990.jpg,5,5
train_ISIC_0029138.jpg,5,5
train_ISIC_0031581.jpg,5,5
train_ISIC_0028521.jpg,5,5
train_ISIC_0028541.jpg,5,5
train_ISIC_0026370.jpg,5,5
train_ISIC_0029429.jpg,5,5
train_ISIC_0026043.jpg,5,4
train_ISIC_0028610.jpg,5,5
train_ISIC_0025143.jpg,5,5
train_ISIC_0030743.jpg,5,5
train_ISIC_0032288.jpg,5,5
train_ISIC_0030492.jpg,5,4
train_ISIC_0027505.jpg,5,4
train_ISIC_0025960.jpg,5,1
train_ISIC_0025943.jpg,5,5
train_ISIC_0033928.jpg,5,4
train_ISIC_0028133.jpg,5,5
train_ISIC_0028040.jpg,5,5
train_ISIC_0029142.jpg,5,5
train_ISIC_0026357.jpg,5,5
train_ISIC_0027980.jpg,5,5
train_ISIC_0027537.jpg,5,5
train_ISIC_0029132.jpg,5,5
train_ISIC_0024343.jpg,5,5
train_ISIC_0026288.jpg,5,5
train_ISIC_0028500.jpg,5,5
train_ISIC_0026554.jpg,5,1
train_ISIC_0031661.jpg,5,5
train_ISIC_0031375.jpg,5,5
train_ISIC_0026112.jpg,5,5
train_ISIC_0031232.jpg,5,5
train_ISIC_0033408.jpg,5,0
train_ISIC_0032252.jpg,5,5
train_ISIC_0027360.jpg,5,1
train_ISIC_0025497.jpg,5,5
train_ISIC_0031857.jpg,5,5
train_ISIC_0034171.jpg,5,5
train_ISIC_0032390.jpg,5,5
train_ISIC_0024645.jpg,5,4
train_ISIC_0030914.jpg,5,4
train_ISIC_0030214.jpg,5,5
train_ISIC_0027746.jpg,5,5
train_ISIC_0028358.jpg,5,5
train_ISIC_0033381.jpg,5,4
train_ISIC_0030531.jpg,5,5
train_ISIC_0026293.jpg,5,5
train_ISIC_0032379.jpg,5,4
train_ISIC_0029716.jpg,5,5
train_ISIC_0025193.jpg,5,5
train_ISIC_0029887.jpg,5,5
train_ISIC_0031486.jpg,5,5
train_ISIC_0029873.jpg,5,5
train_ISIC_0030669.jpg,5,5
train_ISIC_0026000.jpg,5,5
train_ISIC_0026747.jpg,5,5
train_ISIC_0034111.jpg,5,5
train_ISIC_0024625.jpg,5,5
train_ISIC_0026307.jpg,5,5
train_ISIC_0029806.jpg,5,5
train_ISIC_0031626.jpg,5,5
train_ISIC_0032064.jpg,5,5
train_ISIC_0033142.jpg,5,5
train_ISIC_0030809.jpg,5,2
train_ISIC_0029529.jpg,5,5
train_ISIC_0026924.jpg,5,5
train_ISIC_0024894.jpg,5,5
train_ISIC_0033215.jpg,5,5
train_ISIC_0031083.jpg,5,5
train_ISIC_0027248.jpg,5,4
train_ISIC_0028491.jpg,5,5
train_ISIC_0027456.jpg,5,5
train_ISIC_0032133.jpg,5,5
train_ISIC_0032889.jpg,5,3
train_ISIC_0032300.jpg,5,1
train_ISIC_0030704.jpg,5,4
train_ISIC_0033557.jpg,5,5
train_ISIC_0032832.jpg,5,4
train_ISIC_0026639.jpg,5,5
train_ISIC_0034217.jpg,5,5
train_ISIC_0032250.jpg,5,5
train_ISIC_0028407.jpg,5,5
train_ISIC_0025679.jpg,5,5
train_ISIC_0026587.jpg,5,5
train_ISIC_0027321.jpg,5,5
train_ISIC_0032817.jpg,5,4
train_ISIC_0025918.jpg,5,2
train_ISIC_0033827.jpg,5,5
train_ISIC_0027880.jpg,5,5
train_ISIC_0025017.jpg,5,5
train_ISIC_0025213.jpg,5,5
train_ISIC_0027946.jpg,5,5
train_ISIC_0029152.jpg,5,5
train_ISIC_0027460.jpg,5,6
train_ISIC_0027906.jpg,5,5
train_ISIC_0033681.jpg,5,4
train_ISIC_0024320.jpg,5,5
train_ISIC_0031946.jpg,5,5
train_ISIC_0028581.jpg,5,4
train_ISIC_0034056.jpg,5,5
train_ISIC_0025839.jpg,5,5
train_ISIC_0028472.jpg,5,2
train_ISIC_0027103.jpg,5,5
train_ISIC_0025212.jpg,5,5
train_ISIC_0028172.jpg,5,5
train_ISIC_0029928.jpg,5,5
train_ISIC_0029671.jpg,5,4
train_ISIC_0031162.jpg,5,5
train_ISIC_0024744.jpg,5,5
train_ISIC_0025763.jpg,5,5
train_ISIC_0026824.jpg,5,5
train_ISIC_0025508.jpg,5,5
train_ISIC_0030949.jpg,5,5
train_ISIC_0033406.jpg,5,4
train_ISIC_0030040.jpg,5,5
train_ISIC_0027466.jpg,5,5
train_ISIC_0024555.jpg,5,5
train_ISIC_0029005.jpg,5,5
train_ISIC_0026485.jpg,5,5
train_ISIC_0027427.jpg,5,5
train_ISIC_0031618.jpg,5,5
train_ISIC_0026948.jpg,5,5
train_ISIC_0032401.jpg,5,5
train_ISIC_0024474.jpg,5,5
train_ISIC_0024584.jpg,5,5
train_ISIC_0026193.jpg,5,5
train_ISIC_0029223.jpg,5,2
train_ISIC_0029985.jpg,5,5
train_ISIC_0026932.jpg,5,5
train_ISIC_0030635.jpg,5,5
train_ISIC_0025167.jpg,5,5
train_ISIC_0033756.jpg,5,5
train_ISIC_0025670.jpg,5,2
train_ISIC_0032600.jpg,5,4
train_ISIC_0027034.jpg,5,5
train_ISIC_0033253.jpg,5,5
train_ISIC_0024359.jpg,5,5
train_ISIC_0029530.jpg,5,4
train_ISIC_0027540.jpg,5,4
train_ISIC_0030343.jpg,5,5
train_ISIC_0027855.jpg,5,4
train_ISIC_0029579.jpg,5,5
train_ISIC_0031324.jpg,5,5
train_ISIC_0033411.jpg,5,2
train_ISIC_0029131.jpg,5,5
train_ISIC_0032516.jpg,5,5
train_ISIC_0030872.jpg,5,5
train_ISIC_0026320.jpg,5,5
train_ISIC_0026440.jpg,5,5
train_ISIC_0033214.jpg,5,5
train_ISIC_0030727.jpg,5,5
train_ISIC_0030075.jpg,5,5
train_ISIC_0033731.jpg,5,6
train_ISIC_0031483.jpg,5,2
train_ISIC_0027255.jpg,5,5
train_ISIC_0032355.jpg,5,5
train_ISIC_0027992.jpg,5,5
train_ISIC_0026562.jpg,5,5
train_ISIC_0031363.jpg,5,1
train_ISIC_0033628.jpg,5,4
train_ISIC_0025349.jpg,5,5
train_ISIC_0033772.jpg,5,4
train_ISIC_0029250.jpg,5,5
train_ISIC_0027319.jpg,5,5
train_ISIC_0034304.jpg,5,4
train_ISIC_0026753.jpg,5,2
train_ISIC_0024502.jpg,5,5
train_ISIC_0033723.jpg,5,5
train_ISIC_0028879.jpg,5,5
train_ISIC_0026678.jpg,5,5
train_ISIC_0026031.jpg,5,5
train_ISIC_0032047.jpg,5,4
train_ISIC_0028118.jpg,5,5
train_ISIC_0029444.jpg,5,5
train_ISIC_0032971.jpg,5,5
train_ISIC_0027555.jpg,5,5
train_ISIC_0033111.jpg,5,5
train_ISIC_0030460.jpg,5,4
train_ISIC_0024480.jpg,5,4
train_ISIC_0026431.jpg,5,5
train_ISIC_0033356.jpg,5,5
train_ISIC_0030023.jpg,5,4
train_ISIC_0030769.jpg,5,5
train_ISIC_0029071.jpg,5,5
train_ISIC_0026936.jpg,5,5
train_ISIC_0024990.jpg,5,5
train_ISIC_0030450.jpg,5,5
train_ISIC_0025084.jpg,5,5
train_ISIC_0025505.jpg,5,1
train_ISIC_0033347.jpg,5,5
train_ISIC_0027845.jpg,5,5
train_ISIC_0028867.jpg,5,5
train_ISIC_0027074.jpg,5,5
train_ISIC_0029422.jpg,5,5
train_ISIC_0024500.jpg,5,5
train_ISIC_0033775.jpg,5,5
train_ISIC_0030652.jpg,5,2
train_ISIC_0025395.jpg,5,5
train_ISIC_0031288.jpg,5,5
train_ISIC_0029935.jpg,5,5
train_ISIC_0031865.jpg,5,5
train_ISIC_0030713.jpg,5,5
train_ISIC_0024650.jpg,5,5
train_ISIC_0031331.jpg,5,5
train_ISIC_0029653.jpg,5,5
train_ISIC_0030269.jpg,5,5
train_ISIC_0025205.jpg,5,5
train_ISIC_0029078.jpg,5,5
train_ISIC_0026108.jpg,5,5
train_ISIC_0026452.jpg,5,4
train_ISIC_0032495.jpg,5,5
train_ISIC_0033210.jpg,5,4
train_ISIC_0028279.jpg,5,5
train_ISIC_0029509.jpg,5,5
train_ISIC_0026032.jpg,5,5
train_ISIC_0034204.jpg,5,2
train_ISIC_0025134.jpg,5,5
train_ISIC_0025352.jpg,5,2
train_ISIC_0029019.jpg,5,5
train_ISIC_0026285.jpg,5,5
train_ISIC_0024484.jpg,5,5
train_ISIC_0029231.jpg,5,5
train_ISIC_0026670.jpg,5,5
train_ISIC_0025274.jpg,5,5
train_ISIC_0025053.jpg,5,5
train_ISIC_0026377.jpg,5,5
train_ISIC_0026762.jpg,5,5
train_ISIC_0030781.jpg,5,5
train_ISIC_0033689.jpg,5,4
train_ISIC_0028183.jpg,5,5
train_ISIC_0030990.jpg,5,2
train_ISIC_0030799.jpg,5,5
train_ISIC_0028184.jpg,5,5
train_ISIC_0028189.jpg,5,5
train_ISIC_0026084.jpg,5,1
train_ISIC_0029717.jpg,5,5
train_ISIC_0032201.jpg,5,5
train_ISIC_0024722.jpg,5,5
train_ISIC_0025377.jpg,5,5
train_ISIC_0025397.jpg,5,5
train_ISIC_0027639.jpg,5,2
train_ISIC_0029728.jpg,5,5
train_ISIC_0025396.jpg,5,5
train_ISIC_0030563.jpg,5,5
train_ISIC_0031505.jpg,5,5
train_ISIC_0030837.jpg,5,5
train_ISIC_0027341.jpg,5,5
train_ISIC_0025408.jpg,5,5
train_ISIC_0025416.jpg,5,5
train_ISIC_0030534.jpg,5,3
train_ISIC_0034097.jpg,5,5
train_ISIC_0028715.jpg,5,4
train_ISIC_0029700.jpg,5,5
train_ISIC_0032261.jpg,5,5
train_ISIC_0033788.jpg,5,5
train_ISIC_0029023.jpg,5,5
train_ISIC_0024341.jpg,5,5
train_ISIC_0034073.jpg,5,4
train_ISIC_0029030.jpg,5,5
train_ISIC_0029382.jpg,5,2
train_ISIC_0029361.jpg,5,5
train_ISIC_0028745.jpg,5,5
train_ISIC_0032162.jpg,5,5
train_ISIC_0030284.jpg,5,5
train_ISIC_0033877.jpg,5,1
train_ISIC_0029535.jpg,5,5
train_ISIC_0030878.jpg,5,5
train_ISIC_0024685.jpg,5,5
train_ISIC_0025256.jpg,5,5
train_ISIC_0029911.jpg,5,5
train_ISIC_0024730.jpg,5,4
train_ISIC_0028212.jpg,5,5
train_ISIC_0030523.jpg,5,5
train_ISIC_0032702.jpg,5,2
train_ISIC_0032350.jpg,5,5
train_ISIC_0030680.jpg,5,5
train_ISIC_0027978.jpg,5,5
train_ISIC_0031503.jpg,5,5
train_ISIC_0034038.jpg,5,4
train_ISIC_0025059.jpg,5,5
train_ISIC_0033918.jpg,5,1
train_ISIC_0031948.jpg,5,5
train_ISIC_0032426.jpg,5,5
train_ISIC_0025072.jpg,5,5
train_ISIC_0025813.jpg,5,5
train_ISIC_0032241.jpg,5,5
train_ISIC_0030101.jpg,5,5
train_ISIC_0026875.jpg,5,5
train_ISIC_0031219.jpg,5,5
train_ISIC_0031053.jpg,5,5
train_ISIC_0028176.jpg,5,5
train_ISIC_0030720.jpg,5,5
train_ISIC_0027666.jpg,5,5
train_ISIC_0030609.jpg,5,5
train_ISIC_0027578.jpg,5,4
train_ISIC_0033596.jpg,5,2
train_ISIC_0027183.jpg,5,3
train_ISIC_0026777.jpg,5,2
train_ISIC_0028160.jpg,5,5
train_ISIC_0027177.jpg,5,5
train_ISIC_0032951.jpg,5,2
train_ISIC_0025590.jpg,5,5
train_ISIC_0033026.jpg,5,4
train_ISIC_0027244.jpg,5,2
train_ISIC_0030265.jpg,5,5
train_ISIC_0026414.jpg,5,1
train_ISIC_0029721.jpg,5,5
train_ISIC_0032326.jpg,5,5
train_ISIC_0033283.jpg,5,4
train_ISIC_0032528.jpg,5,2
train_ISIC_0032483.jpg,5,5
train_ISIC_0024340.jpg,5,2
train_ISIC_0033340.jpg,5,3
train_ISIC_0029350.jpg,5,5
train_ISIC_0033971.jpg,5,5
train_ISIC_0031796.jpg,5,2
train_ISIC_0028690.jpg,5,5
train_ISIC_0025365.jpg,5,5
train_ISIC_0028318.jpg,5,5
train_ISIC_0032961.jpg,5,4
train_ISIC_0032049.jpg,5,5
train_ISIC_0026573.jpg,5,5
train_ISIC_0024717.jpg,5,5
train_ISIC_0032210.jpg,5,5
train_ISIC_0031476.jpg,5,2
train_ISIC_0026088.jpg,5,5
train_ISIC_0028869.jpg,5,5
train_ISIC_0030600.jpg,5,5
train_ISIC_0033145.jpg,5,5
train_ISIC_0024328.jpg,5,5
train_ISIC_0025067.jpg,5,5
train_ISIC_0030668.jpg,5,5
train_ISIC_0029965.jpg,5,5
train_ISIC_0033919.jpg,5,5
train_ISIC_0028632.jpg,5,2
train_ISIC_0031364.jpg,5,5
train_ISIC_0029732.jpg,5,5
train_ISIC_0030305.jpg,5,5
train_ISIC_0027939.jpg,5,5
train_ISIC_0027274.jpg,5,5
train_ISIC_0030581.jpg,5,5
train_ISIC_0028561.jpg,5,5
train_ISIC_0031188.jpg,5,5
train_ISIC_0031033.jpg,5,5
train_ISIC_0027113.jpg,5,5
train_ISIC_0033082.jpg,5,1
train_ISIC_0025890.jpg,5,5
train_ISIC_0033703.jpg,5,4
train_ISIC_0029692.jpg,5,5
train_ISIC_0030078.jpg,5,5
train_ISIC_0025458.jpg,5,5
train_ISIC_0029491.jpg,5,4
train_ISIC_0032353.jpg,5,5
train_ISIC_0029566.jpg,5,5
train_ISIC_0033897.jpg,5,4
train_ISIC_0024596.jpg,5,5
train_ISIC_0034312.jpg,5,5
train_ISIC_0028487.jpg,5,2
train_ISIC_0027345.jpg,5,4
train_ISIC_0031341.jpg,5,5
train_ISIC_0031116.jpg,5,5
train_ISIC_0027752.jpg,5,5
train_ISIC_0031704.jpg,5,5
train_ISIC_0027524.jpg,5,5
train_ISIC_0029689.jpg,5,5
train_ISIC_0030903.jpg,5,5
train_ISIC_0024995.jpg,5,2
train_ISIC_0030338.jpg,5,5
train_ISIC_0027222.jpg,5,5
train_ISIC_0024712.jpg,5,5
train_ISIC_0033046.jpg,5,5
train_ISIC_0029786.jpg,5,4
train_ISIC_0034004.jpg,5,5
train_ISIC_0033599.jpg,5,5
train_ISIC_0033964.jpg,5,5
train_ISIC_0025613.jpg,5,5
train_ISIC_0028683.jpg,5,5
train_ISIC_0034195.jpg,5,4
train_ISIC_0028892.jpg,5,5
train_ISIC_0028053.jpg,5,5
train_ISIC_0028940.jpg,5,5
train_ISIC_0032394.jpg,5,5
train_ISIC_0028008.jpg,5,2
train_ISIC_0029221.jpg,5,4
train_ISIC_0028534.jpg,5,5
train_ISIC_0033194.jpg,5,2
train_ISIC_0032619.jpg,5,1
train_ISIC_0030536.jpg,5,5
train_ISIC_0031546.jpg,5,5
train_ISIC_0031579.jpg,5,5
train_ISIC_0031316.jpg,5,5
train_ISIC_0024492.jpg,5,5
train_ISIC_0026287.jpg,5,5
train_ISIC_0027951.jpg,5,5
train_ISIC_0029140.jpg,5,5
train_ISIC_0024784.jpg,5,1
train_ISIC_0033255.jpg,5,5
train_ISIC_0026635.jpg,5,5
train_ISIC_0029128.jpg,5,5
train_ISIC_0028464.jpg,5,2
train_ISIC_0032028.jpg,5,1
train_ISIC_0027898.jpg,5,1
train_ISIC_0029285.jpg,5,5
train_ISIC_0026999.jpg,5,5
train_ISIC_0026372.jpg,5,4
train_ISIC_0030804.jpg,5,5
train_ISIC_0025604.jpg,5,5
train_ISIC_0030121.jpg,5,4
train_ISIC_0029322.jpg,5,5
train_ISIC_0034232.jpg,5,1
train_ISIC_0032909.jpg,5,5
train_ISIC_0031587.jpg,5,5
train_ISIC_0024321.jpg,5,5
train_ISIC_0027029.jpg,5,5
train_ISIC_0029154.jpg,5,5
train_ISIC_0024425.jpg,5,4
train_ISIC_0029305.jpg,5,5
train_ISIC_0027999.jpg,5,5
train_ISIC_0031553.jpg,5,5
train_ISIC_0033898.jpg,5,5
train_ISIC_0027907.jpg,5,2
train_ISIC_0032506.jpg,5,5
train_ISIC_0025025.jpg,5,5
train_ISIC_0025024.jpg,5,5
train_ISIC_0032591.jpg,5,5
train_ISIC_0026400.jpg,5,5
train_ISIC_0026671.jpg,5,2
train_ISIC_0034264.jpg,5,5
train_ISIC_0029750.jpg,5,5
train_ISIC_0028613.jpg,5,5
train_ISIC_0032767.jpg,5,2
train_ISIC_0032399.jpg,5,5
train_ISIC_0030441.jpg,5,5
train_ISIC_0028604.jpg,5,5
train_ISIC_0028924.jpg,5,5
train_ISIC_0027170.jpg,5,5
train_ISIC_0030334.jpg,5,5
train_ISIC_0028979.jpg,5,5
train_ISIC_0024840.jpg,5,5
train_ISIC_0033147.jpg,5,4
train_ISIC_0034258.jpg,5,2
train_ISIC_0027362.jpg,5,5
train_ISIC_0029941.jpg,5,5
train_ISIC_0025648.jpg,5,1
train_ISIC_0031532.jpg,5,5
train_ISIC_0025816.jpg,5,5
train_ISIC_0025739.jpg,5,5
train_ISIC_0025291.jpg,5,5
train_ISIC_0027520.jpg,5,5
train_ISIC_0030656.jpg,5,5
train_ISIC_0026385.jpg,5,5
train_ISIC_0027230.jpg,5,5
train_ISIC_0025488.jpg,5,5
train_ISIC_0028974.jpg,5,5
train_ISIC_0025511.jpg,5,5
train_ISIC_0024922.jpg,5,4
train_ISIC_0030320.jpg,5,5
train_ISIC_0026756.jpg,5,5
train_ISIC_0031249.jpg,5,1
train_ISIC_0032354.jpg,5,5
train_ISIC_0028474.jpg,5,5
train_ISIC_0031968.jpg,5,5
train_ISIC_0026608.jpg,5,4
train_ISIC_0033922.jpg,5,5
train_ISIC_0025306.jpg,5,5
train_ISIC_0025907.jpg,5,5
train_ISIC_0033495.jpg,5,4
train_ISIC_0027290.jpg,5,5
train_ISIC_0025591.jpg,5,5
train_ISIC_0026707.jpg,5,5
train_ISIC_0029354.jpg,5,4
train_ISIC_0026111.jpg,5,1
train_ISIC_0032257.jpg,5,5
train_ISIC_0025478.jpg,5,5
train_ISIC_0031944.jpg,5,5
train_ISIC_0026570.jpg,5,5
train_ISIC_0032321.jpg,5,5
train_ISIC_0030471.jpg,5,3
train_ISIC_0031242.jpg,5,5
train_ISIC_0026257.jpg,5,5
train_ISIC_0030912.jpg,5,5
train_ISIC_0024455.jpg,5,5
train_ISIC_0030398.jpg,5,5
train_ISIC_0026096.jpg,5,4
train_ISIC_0028339.jpg,5,5
train_ISIC_0026786.jpg,5,5
train_ISIC_0027368.jpg,5,5
train_ISIC_0028922.jpg,5,5
train_ISIC_0024727.jpg,5,5
train_ISIC_0032039.jpg,5,5
train_ISIC_0033572.jpg,5,2
train_ISIC_0026195.jpg,5,5
train_ISIC_0026384.jpg,5,4
train_ISIC_0030634.jpg,5,4
train_ISIC_0033423.jpg,5,5
train_ISIC_0033618.jpg,5,2
train_ISIC_0024499.jpg,5,5
train_ISIC_0024834.jpg,5,5
train_ISIC_0026971.jpg,5,5
train_ISIC_0030193.jpg,5,5
train_ISIC_0028744.jpg,5,4
train_ISIC_0027971.jpg,5,5
train_ISIC_0030432.jpg,5,5
train_ISIC_0031681.jpg,5,2
train_ISIC_0025262.jpg,5,1
train_ISIC_0025602.jpg,5,5
train_ISIC_0030529.jpg,5,5
train_ISIC_0029829.jpg,5,5
train_ISIC_0028013.jpg,5,5
train_ISIC_0030588.jpg,5,5
train_ISIC_0030772.jpg,5,5
train_ISIC_0033998.jpg,5,5
train_ISIC_0032520.jpg,5,4
train_ISIC_0026887.jpg,5,5
train_ISIC_0029006.jpg,5,5
train_ISIC_0032478.jpg,5,5
train_ISIC_0030464.jpg,5,5
train_ISIC_0031052.jpg,5,5
train_ISIC_0030295.jpg,5,5
train_ISIC_0032731.jpg,5,4
train_ISIC_0027772.jpg,5,5
train_ISIC_0028518.jpg,5,5
train_ISIC_0028021.jpg,5,5
train_ISIC_0027363.jpg,5,5
train_ISIC_0032438.jpg,5,5
train_ISIC_0026799.jpg,5,5
train_ISIC_0033222.jpg,5,4
train_ISIC_0026739.jpg,5,5
train_ISIC_0032954.jpg,5,4
train_ISIC_0027682.jpg,5,5
train_ISIC_0026122.jpg,5,5
train_ISIC_0026005.jpg,5,5
train_ISIC_0028819.jpg,5,5
train_ISIC_0024896.jpg,5,5
train_ISIC_0026376.jpg,5,4
train_ISIC_0025518.jpg,5,2
train_ISIC_0032986.jpg,5,1
train_ISIC_0024808.jpg,5,5
train_ISIC_0026342.jpg,5,5
train_ISIC_0028259.jpg,5,5
train_ISIC_0025681.jpg,5,2
train_ISIC_0032403.jpg,5,5
train_ISIC_0033625.jpg,5,4
train_ISIC_0026373.jpg,5,5
train_ISIC_0032549.jpg,5,5
train_ISIC_0026782.jpg,5,5
train_ISIC_0030948.jpg,5,5
train_ISIC_0028319.jpg,5,5
train_ISIC_0029707.jpg,5,5
train_ISIC_0029954.jpg,5,5
train_ISIC_0026633.jpg,5,2
train_ISIC_0026157.jpg,5,4
train_ISIC_0029008.jpg,5,5
train_ISIC_0028267.jpg,5,5
train_ISIC_0025730.jpg,5,5
train_ISIC_0027085.jpg,5,5
train_ISIC_0030765.jpg,5,5
train_ISIC_0031801.jpg,5,5
train_ISIC_0025977.jpg,5,5
train_ISIC_0030861.jpg,5,5
train_ISIC_0024567.jpg,5,5
train_ISIC_0026972.jpg,5,5
train_ISIC_0024985.jpg,5,5
train_ISIC_0031806.jpg,5,1
train_ISIC_0030298.jpg,5,5
train_ISIC_0024616.jpg,5,5
train_ISIC_0025192.jpg,5,5
train_ISIC_0028328.jpg,5,5
train_ISIC_0031269.jpg,5,5
train_ISIC_0027985.jpg,5,5
train_ISIC_0032765.jpg,5,4
train_ISIC_0026049.jpg,5,5
train_ISIC_0034127.jpg,5,4
train_ISIC_0025056.jpg,5,5
train_ISIC_0025621.jpg,5,5
train_ISIC_0032761.jpg,5,5
train_ISIC_0033627.jpg,5,5
train_ISIC_0029180.jpg,5,5
train_ISIC_0033951.jpg,5,5
train_ISIC_0024824.jpg,5,2
train_ISIC_0025655.jpg,5,5
train_ISIC_0026878.jpg,5,5
train_ISIC_0028606.jpg,5,5
train_ISIC_0031655.jpg,5,5
train_ISIC_0025459.jpg,5,5
train_ISIC_0027761.jpg,5,5
train_ISIC_0027712.jpg,5,5
train_ISIC_0029871.jpg,5,5
train_ISIC_0025013.jpg,5,4
train_ISIC_0026234.jpg,5,5
train_ISIC_0033983.jpg,5,4
train_ISIC_0026269.jpg,5,5
train_ISIC_0027699.jpg,5,5
train_ISIC_0034220.jpg,5,4
train_ISIC_0026901.jpg,5,5
train_ISIC_0028081.jpg,5,5
train_ISIC_0032821.jpg,5,4
train_ISIC_0034310.jpg,5,4
train_ISIC_0027457.jpg,5,5
train_ISIC_0029175.jpg,5,5
train_ISIC_0024458.jpg,5,2
train_ISIC_0024855.jpg,5,5
train_ISIC_0032042.jpg,5,5
train_ISIC_0026595.jpg,5,5
train_ISIC_0025415.jpg,5,5
train_ISIC_0030294.jpg,5,5
train_ISIC_0033072.jpg,5,5
train_ISIC_0028692.jpg,5,4
train_ISIC_0025228.jpg,5,1
train_ISIC_0032577.jpg,5,4
train_ISIC_0028502.jpg,5,5
train_ISIC_0027095.jpg,5,5
train_ISIC_0030660.jpg,5,5
train_ISIC_0033357.jpg,5,5
train_ISIC_0032830.jpg,5,4
train_ISIC_0031315.jpg,5,5
train_ISIC_0026899.jpg,5,5
train_ISIC_0025457.jpg,5,5
train_ISIC_0033106.jpg,5,4
train_ISIC_0033441.jpg,5,5
train_ISIC_0027987.jpg,5,5
train_ISIC_0028242.jpg,5,5
train_ISIC_0028592.jpg,5,5
train_ISIC_0024801.jpg,5,5
train_ISIC_0026067.jpg,5,2
train_ISIC_0028334.jpg,5,5
train_ISIC_0031380.jpg,5,4
train_ISIC_0029256.jpg,5,5
train_ISIC_0032262.jpg,5,5
train_ISIC_0033314.jpg,5,5
train_ISIC_0030282.jpg,5,5
train_ISIC_0029259.jpg,5,5
train_ISIC_0026858.jpg,5,5
train_ISIC_0031279.jpg,5,5
train_ISIC_0028961.jpg,5,5
train_ISIC_0026624.jpg,5,5
train_ISIC_0024746.jpg,5,5
train_ISIC_0031070.jpg,5,4
train_ISIC_0027108.jpg,5,5
train_ISIC_0028562.jpg,5,2
train_ISIC_0027813.jpg,5,5
train_ISIC_0029759.jpg,5,5
train_ISIC_0029153.jpg,5,5
train_ISIC_0026686.jpg,5,5
train_ISIC_0030728.jpg,5,5
train_ISIC_0028909.jpg,5,5
train_ISIC_0028574.jpg,5,5
train_ISIC_0029366.jpg,5,4
train_ISIC_0033937.jpg,5,5
train_ISIC_0028322.jpg,5,5
train_ISIC_0026340.jpg,5,2
train_ISIC_0029748.jpg,5,5
train_ISIC_0033463.jpg,5,4
train_ISIC_0033907.jpg,5,2
train_ISIC_0034225.jpg,5,4
train_ISIC_0026768.jpg,5,5
train_ISIC_0031426.jpg,5,5
train_ISIC_0031809.jpg,5,5
train_ISIC_0025283.jpg,5,5
train_ISIC_0028536.jpg,5,5
train_ISIC_0027984.jpg,5,2
train_ISIC_0025116.jpg,5,5
train_ISIC_0029864.jpg,5,5
train_ISIC_0032805.jpg,5,4
train_ISIC_0028038.jpg,5,5
train_ISIC_0029483.jpg,5,5
train_ISIC_0029658.jpg,5,5
train_ISIC_0034124.jpg,5,3
train_ISIC_0028426.jpg,5,5
train_ISIC_0026869.jpg,5,5
train_ISIC_0031260.jpg,5,5
train_ISIC_0033273.jpg,5,5
train_ISIC_0031858.jpg,5,5
train_ISIC_0031480.jpg,5,5
train_ISIC_0030967.jpg,5,5
train_ISIC_0032193.jpg,5,5
train_ISIC_0028427.jpg,5,5
train_ISIC_0033777.jpg,5,4
train_ISIC_0027022.jpg,5,5
train_ISIC_0030247.jpg,5,2
train_ISIC_0026767.jpg,5,5
train_ISIC_0032523.jpg,5,5
train_ISIC_0027807.jpg,5,5
train_ISIC_0026914.jpg,5,5
train_ISIC_0028532.jpg,5,5
train_ISIC_0028939.jpg,5,5
train_ISIC_0027271.jpg,5,5
train_ISIC_0033672.jpg,5,4
train_ISIC_0033892.jpg,5,5
train_ISIC_0024954.jpg,5,5
train_ISIC_0027733.jpg,5,5
train_ISIC_0027751.jpg,5,3
train_ISIC_0028631.jpg,5,1
train_ISIC_0028001.jpg,5,5
train_ISIC_0026555.jpg,5,5
train_ISIC_0033838.jpg,5,5
train_ISIC_0027278.jpg,5,5
train_ISIC_0027689.jpg,5,5
train_ISIC_0028776.jpg,5,5
train_ISIC_0033445.jpg,5,4
train_ISIC_0027918.jpg,5,5
train_ISIC_0027395.jpg,5,5
train_ISIC_0031134.jpg,5,2
train_ISIC_0027847.jpg,5,4
train_ISIC_0031873.jpg,5,5
train_ISIC_0034302.jpg,5,5
train_ISIC_0027002.jpg,5,1
train_ISIC_0027148.jpg,5,5
train_ISIC_0029111.jpg,5,5
train_ISIC_0028221.jpg,5,2
train_ISIC_0033160.jpg,5,5
train_ISIC_0033098.jpg,5,5
train_ISIC_0026605.jpg,5,5
train_ISIC_0025745.jpg,5,5
train_ISIC_0034055.jpg,5,4
train_ISIC_0033927.jpg,5,5
train_ISIC_0027543.jpg,5,5
train_ISIC_0027895.jpg,5,5
train_ISIC_0029595.jpg,5,5
train_ISIC_0033764.jpg,5,4
train_ISIC_0030447.jpg,5,5
train_ISIC_0032640.jpg,5,4
train_ISIC_0025364.jpg,5,5
train_ISIC_0030924.jpg,5,5
train_ISIC_0031782.jpg,5,5
train_ISIC_0027296.jpg,5,5
train_ISIC_0026885.jpg,5,4
train_ISIC_0024996.jpg,5,5
train_ISIC_0031114.jpg,5,5
train_ISIC_0026246.jpg,5,5
train_ISIC_0032009.jpg,5,4
train_ISIC_0028282.jpg,5,5
train_ISIC_0031020.jpg,5,5
train_ISIC_0028726.jpg,5,5
train_ISIC_0033311.jpg,5,5
train_ISIC_0025542.jpg,5,3
train_ISIC_0031320.jpg,5,5
train_ISIC_0026881.jpg,5,5
train_ISIC_0029970.jpg,5,5
train_ISIC_0034209.jpg,5,2
train_ISIC_0027655.jpg,5,5
train_ISIC_0031299.jpg,5,5
train_ISIC_0029498.jpg,5,5
train_ISIC_0031385.jpg,5,2
train_ISIC_0026983.jpg,5,5
train_ISIC_0027311.jpg,5,5
train_ISIC_0029380.jpg,5,5
train_ISIC_0024339.jpg,5,5
train_ISIC_0028014.jpg,5,5
train_ISIC_0031273.jpg,5,5
train_ISIC_0026960.jpg,5,2
train_ISIC_0025541.jpg,5,5
train_ISIC_0031437.jpg,5,5
train_ISIC_0032560.jpg,5,4
train_ISIC_0032428.jpg,5,5
train_ISIC_0024749.jpg,5,5
train_ISIC_0027243.jpg,5,5
train_ISIC_0033457.jpg,5,4
train_ISIC_0030974.jpg,5,5
train_ISIC_0026883.jpg,5,1
train_ISIC_0029355.jpg,5,5
train_ISIC_0024888.jpg,5,5
train_ISIC_0025333.jpg,5,5
train_ISIC_0028167.jpg,5,5
train_ISIC_0026974.jpg,5,5
train_ISIC_0030710.jpg,5,2
train_ISIC_0033503.jpg,5,4
train_ISIC_0030881.jpg,5,5
train_ISIC_0027602.jpg,5,5
train_ISIC_0028421.jpg,5,5
train_ISIC_0026221.jpg,5,5
train_ISIC_0027227.jpg,5,5
train_ISIC_0028612.jpg,5,5
train_ISIC_0030632.jpg,5,5
train_ISIC_0032930.jpg,5,1
train_ISIC_0032658.jpg,5,5
train_ISIC_0025969.jpg,5,5
train_ISIC_0026361.jpg,5,5
train_ISIC_0034191.jpg,5,4
train_ISIC_0029307.jpg,5,5
train_ISIC_0028734.jpg,5,5
train_ISIC_0028251.jpg,5,5
train_ISIC_0029253.jpg,5,5
train_ISIC_0031314.jpg,5,1
train_ISIC_0030626.jpg,5,4
train_ISIC_0025652.jpg,5,5
train_ISIC_0031365.jpg,5,5
train_ISIC_0033858.jpg,5,5
train_ISIC_0027379.jpg,5,2
train_ISIC_0027156.jpg,5,2
train_ISIC_0031312.jpg,5,5
train_ISIC_0029838.jpg,5,4
train_ISIC_0032137.jpg,5,5
train_ISIC_0026364.jpg,5,5
train_ISIC_0031254.jpg,5,5
train_ISIC_0030792.jpg,5,5
train_ISIC_0025682.jpg,5,5
train_ISIC_0030018.jpg,5,5
train_ISIC_0031165.jpg,5,5
train_ISIC_0024365.jpg,5,5
train_ISIC_0030286.jpg,5,5
train_ISIC_0030580.jpg,5,2
train_ISIC_0026743.jpg,5,5
train_ISIC_0027687.jpg,5,5
train_ISIC_0027415.jpg,5,2
train_ISIC_0031767.jpg,5,5
train_ISIC_0025280.jpg,5,5
train_ISIC_0030434.jpg,5,5
train_ISIC_0028932.jpg,5,5
train_ISIC_0032566.jpg,5,2
train_ISIC_0031128.jpg,5,2
train_ISIC_0024325.jpg,5,5
train_ISIC_0034023.jpg,5,5
train_ISIC_0025423.jpg,5,5
train_ISIC_0028833.jpg,5,5
train_ISIC_0028540.jpg,5,4
train_ISIC_0034311.jpg,5,4
train_ISIC_0029875.jpg,5,5
train_ISIC_0031089.jpg,5,5
train_ISIC_0031405.jpg,5,5
train_ISIC_0026520.jpg,5,5
train_ISIC_0032144.jpg,5,2
train_ISIC_0025974.jpg,5,5
train_ISIC_0030566.jpg,5,5
train_ISIC_0025493.jpg,5,5
train_ISIC_0026347.jpg,5,4
train_ISIC_0032473.jpg,5,5
train_ISIC_0029169.jpg,5,5
train_ISIC_0030309.jpg,5,3
train_ISIC_0033648.jpg,5,2
train_ISIC_0028353.jpg,5,5
train_ISIC_0031474.jpg,5,5
train_ISIC_0030293.jpg,5,5
train_ISIC_0024860.jpg,5,5
train_ISIC_0033769.jpg,5,5
train_ISIC_0026134.jpg,5,5
train_ISIC_0027518.jpg,5,5
train_ISIC_0026966.jpg,5,5
train_ISIC_0031667.jpg,5,5
train_ISIC_0025552.jpg,5,5
train_ISIC_0024667.jpg,5,5
train_ISIC_0033419.jpg,5,5
train_ISIC_0029104.jpg,5,5
train_ISIC_0024699.jpg,5,5
train_ISIC_0031861.jpg,5,5
train_ISIC_0029458.jpg,5,5
train_ISIC_0025320.jpg,5,5
train_ISIC_0033197.jpg,5,5
train_ISIC_0025692.jpg,5,5
train_ISIC_0027724.jpg,5,4
train_ISIC_0033845.jpg,5,4
train_ISIC_0024895.jpg,5,5
train_ISIC_0028382.jpg,5,5
train_ISIC_0030662.jpg,5,5
train_ISIC_0030857.jpg,5,5
train_ISIC_0033363.jpg,5,1
train_ISIC_0031032.jpg,5,5
train_ISIC_0025098.jpg,5,5
train_ISIC_0032792.jpg,5,5
train_ISIC_0032319.jpg,5,5
train_ISIC_0024501.jpg,5,5
train_ISIC_0032488.jpg,5,5
train_ISIC_0028278.jpg,5,5
train_ISIC_0030779.jpg,5,5
train_ISIC_0025514.jpg,5,5
train_ISIC_0031160.jpg,5,4
train_ISIC_0026463.jpg,5,5
train_ISIC_0026252.jpg,5,5
train_ISIC_0032754.jpg,5,2
train_ISIC_0028538.jpg,5,5
train_ISIC_0031182.jpg,5,5
train_ISIC_0030887.jpg,5,5
train_ISIC_0030911.jpg,5,5
train_ISIC_0024538.jpg,5,3
train_ISIC_0029027.jpg,5,4
train_ISIC_0030554.jpg,5,5
train_ISIC_0032227.jpg,5,5
train_ISIC_0032542.jpg,5,4
train_ISIC_0026082.jpg,5,5
train_ISIC_0032749.jpg,5,4
train_ISIC_0029379.jpg,5,5
train_ISIC_0030621.jpg,5,4
train_ISIC_0033233.jpg,5,5
train_ISIC_0024723.jpg,5,4
train_ISIC_0027867.jpg,5,5
train_ISIC_0026705.jpg,5,4
train_ISIC_0027512.jpg,5,2
train_ISIC_0033459.jpg,5,4
train_ISIC_0033157.jpg,5,5
train_ISIC_0029105.jpg,5,5
train_ISIC_0024936.jpg,5,5
train_ISIC_0028780.jpg,5,5
train_ISIC_0032838.jpg,5,4
train_ISIC_0029225.jpg,5,5
train_ISIC_0032939.jpg,5,4
train_ISIC_0030337.jpg,5,5
train_ISIC_0033316.jpg,5,5
train_ISIC_0026427.jpg,5,4
train_ISIC_0031250.jpg,5,5
train_ISIC_0031379.jpg,5,2
train_ISIC_0027024.jpg,5,4
train_ISIC_0026816.jpg,5,2
train_ISIC_0032066.jpg,5,5
train_ISIC_0025251.jpg,5,5
train_ISIC_0030289.jpg,5,5
train_ISIC_0033289.jpg,5,2
train_ISIC_0025717.jpg,5,5
train_ISIC_0031051.jpg,5,5
train_ISIC_0030978.jpg,5,1
train_ISIC_0024605.jpg,5,5
train_ISIC_0026264.jpg,5,5
train_ISIC_0025206.jpg,5,5
train_ISIC_0033519.jpg,5,5
train_ISIC_0029348.jpg,5,4
train_ISIC_0026884.jpg,5,5
train_ISIC_0029944.jpg,5,5
train_ISIC_0032979.jpg,5,5
train_ISIC_0024960.jpg,5,5
train_ISIC_0030159.jpg,5,0
train_ISIC_0029999.jpg,5,5
train_ISIC_0030237.jpg,5,5
train_ISIC_0031685.jpg,5,5
train_ISIC_0029435.jpg,5,2
train_ISIC_0032032.jpg,5,5
train_ISIC_0026864.jpg,5,5
train_ISIC_0027854.jpg,5,5
train_ISIC_0028781.jpg,5,5
train_ISIC_0031816.jpg,5,5
train_ISIC_0033879.jpg,5,5
train_ISIC_0025574.jpg,5,5
train_ISIC_0027398.jpg,5,5
train_ISIC_0031202.jpg,5,4
train_ISIC_0029979.jpg,5,5
train_ISIC_0029794.jpg,5,2
train_ISIC_0027610.jpg,5,5
train_ISIC_0032819.jpg,5,4
train_ISIC_0031969.jpg,5,5
train_ISIC_0025241.jpg,5,5
train_ISIC_0028196.jpg,5,5
train_ISIC_0032151.jpg,5,4
train_ISIC_0028482.jpg,5,5
train_ISIC_0032588.jpg,5,4
train_ISIC_0031382.jpg,5,5
train_ISIC_0024785.jpg,5,5
train_ISIC_0032209.jpg,5,2
train_ISIC_0029286.jpg,5,5
train_ISIC_0027246.jpg,5,4
train_ISIC_0026436.jpg,5,5
train_ISIC_0028476.jpg,5,5
train_ISIC_0025100.jpg,5,5
train_ISIC_0029428.jpg,5,5
train_ISIC_0025329.jpg,5,5
train_ISIC_0032229.jpg,5,5
train_ISIC_0031120.jpg,5,5
train_ISIC_0031678.jpg,5,2
train_ISIC_0027115.jpg,5,5
train_ISIC_0025962.jpg,5,5
train_ISIC_0025887.jpg,5,4
train_ISIC_0030930.jpg,5,5
train_ISIC_0029506.jpg,5,5
train_ISIC_0030807.jpg,5,5
train_ISIC_0024622.jpg,5,5
train_ISIC_0028064.jpg,5,5
train_ISIC_0024353.jpg,5,5
train_ISIC_0028044.jpg,5,5
train_ISIC_0024870.jpg,5,5
train_ISIC_0032659.jpg,5,5
train_ISIC_0031807.jpg,5,5
train_ISIC_0029730.jpg,5,5
train_ISIC_0032100.jpg,5,5
train_ISIC_0030357.jpg,5,5
train_ISIC_0029767.jpg,5,5
train_ISIC_0026047.jpg,5,5
train_ISIC_0029556.jpg,5,5
train_ISIC_0031075.jpg,5,5
train_ISIC_0032510.jpg,5,5
train_ISIC_0030029.jpg,5,5
train_ISIC_0024464.jpg,5,5
train_ISIC_0027852.jpg,5,4
train_ISIC_0027233.jpg,5,5
train_ISIC_0031080.jpg,5,5
train_ISIC_0031500.jpg,5,5
train_ISIC_0032256.jpg,5,5
train_ISIC_0025300.jpg,5,5
train_ISIC_0028083.jpg,5,5
train_ISIC_0028982.jpg,5,4
train_ISIC_0024361.jpg,5,5
train_ISIC_0027784.jpg,5,5
train_ISIC_0029276.jpg,5,4
train_ISIC_0025229.jpg,5,5
train_ISIC_0025129.jpg,5,5
train_ISIC_0030473.jpg,5,5
train_ISIC_0026217.jpg,5,5
train_ISIC_0028077.jpg,5,5
train_ISIC_0032435.jpg,5,5
train_ISIC_0028333.jpg,5,5
train_ISIC_0027924.jpg,5,5
train_ISIC_0025026.jpg,5,5
train_ISIC_0028099.jpg,5,5
train_ISIC_0025899.jpg,5,4
train_ISIC_0025547.jpg,5,2
train_ISIC_0025050.jpg,5,5
train_ISIC_0024781.jpg,5,5
train_ISIC_0033665.jpg,5,4
train_ISIC_0029956.jpg,5,5
train_ISIC_0028027.jpg,5,5
train_ISIC_0025179.jpg,5,4
train_ISIC_0033959.jpg,5,1
train_ISIC_0033904.jpg,5,4
train_ISIC_0032025.jpg,5,5
train_ISIC_0032902.jpg,5,4
train_ISIC_0026894.jpg,5,5
train_ISIC_0032317.jpg,5,5
train_ISIC_0029151.jpg,5,5
train_ISIC_0030267.jpg,5,5
train_ISIC_0025481.jpg,5,5
train_ISIC_0029143.jpg,5,5
train_ISIC_0027166.jpg,5,5
train_ISIC_0030551.jpg,5,2
train_ISIC_0031785.jpg,5,5
train_ISIC_0032037.jpg,5,5
train_ISIC_0025917.jpg,5,5
train_ISIC_0032794.jpg,5,5
train_ISIC_0029328.jpg,5,4
train_ISIC_0024507.jpg,5,5
train_ISIC_0028244.jpg,5,5
train_ISIC_0032969.jpg,5,4
train_ISIC_0029283.jpg,5,5
train_ISIC_0025216.jpg,5,5
train_ISIC_0028420.jpg,5,5
train_ISIC_0031183.jpg,5,5
train_ISIC_0025074.jpg,5,4
train_ISIC_0027381.jpg,5,5
train_ISIC_0027741.jpg,5,5
train_ISIC_0028320.jpg,5,5
train_ISIC_0024677.jpg,5,5
train_ISIC_0026338.jpg,5,5
train_ISIC_0030180.jpg,5,4
train_ISIC_0024978.jpg,5,5
train_ISIC_0027009.jpg,5,5
train_ISIC_0027308.jpg,5,4
train_ISIC_0031348.jpg,5,5
train_ISIC_0026334.jpg,5,5
train_ISIC_0032793.jpg,5,4
train_ISIC_0031113.jpg,5,4
train_ISIC_0033011.jpg,5,4
train_ISIC_0027994.jpg,5,5
train_ISIC_0024737.jpg,5,5
train_ISIC_0028783.jpg,5,5
train_ISIC_0029892.jpg,5,5
train_ISIC_0030610.jpg,5,5
train_ISIC_0031675.jpg,5,5
train_ISIC_0031871.jpg,5,5
train_ISIC_0033462.jpg,5,5
train_ISIC_0028524.jpg,5,5
train_ISIC_0030643.jpg,5,5
train_ISIC_0024374.jpg,5,2
train_ISIC_0034300.jpg,5,5
train_ISIC_0031568.jpg,5,5
train_ISIC_0032117.jpg,5,5
train_ISIC_0025254.jpg,5,4
train_ISIC_0029471.jpg,5,5
train_ISIC_0032620.jpg,5,2
train_ISIC_0030891.jpg,5,5
train_ISIC_0033259.jpg,5,2
train_ISIC_0026406.jpg,5,2
train_ISIC_0031758.jpg,5,5
train_ISIC_0024919.jpg,5,5
train_ISIC_0032097.jpg,5,5
train_ISIC_0033409.jpg,5,5
train_ISIC_0033370.jpg,5,5
train_ISIC_0024838.jpg,5,5
train_ISIC_0025865.jpg,5,3
train_ISIC_0031854.jpg,5,3
train_ISIC_0026196.jpg,5,5
train_ISIC_0031841.jpg,5,5
train_ISIC_0030147.jpg,5,5
train_ISIC_0030127.jpg,5,5
train_ISIC_0033384.jpg,5,5
train_ISIC_0032279.jpg,5,2
train_ISIC_0032289.jpg,5,5
train_ISIC_0028905.jpg,5,5
train_ISIC_0033133.jpg,5,5
train_ISIC_0026127.jpg,5,5
train_ISIC_0033836.jpg,5,5
train_ISIC_0029957.jpg,5,5
train_ISIC_0031867.jpg,5,4
train_ISIC_0031629.jpg,5,5
train_ISIC_0033765.jpg,5,4
train_ISIC_0034226.jpg,5,1
train_ISIC_0026801.jpg,5,5
train_ISIC_0028349.jpg,5,5
train_ISIC_0034001.jpg,5,4
train_ISIC_0031306.jpg,5,1
train_ISIC_0025923.jpg,5,5
train_ISIC_0027485.jpg,5,5
train_ISIC_0033936.jpg,5,1
train_ISIC_0028515.jpg,5,5
train_ISIC_0032357.jpg,5,5
train_ISIC_0031418.jpg,5,5
train_ISIC_0025556.jpg,5,5
train_ISIC_0024914.jpg,5,5
train_ISIC_0026703.jpg,5,5
train_ISIC_0029782.jpg,5,5
train_ISIC_0033738.jpg,5,4
train_ISIC_0029672.jpg,5,5
train_ISIC_0026187.jpg,5,5
train_ISIC_0031129.jpg,5,2
train_ISIC_0032286.jpg,5,5
train_ISIC_0024988.jpg,5,5
train_ISIC_0026170.jpg,5,5
train_ISIC_0027378.jpg,5,5
train_ISIC_0030541.jpg,5,5
train_ISIC_0031515.jpg,5,2
train_ISIC_0024352.jpg,5,4
train_ISIC_0029148.jpg,5,5
train_ISIC_0030300.jpg,5,5
train_ISIC_0025115.jpg,5,5
train_ISIC_0031148.jpg,5,5
train_ISIC_0028938.jpg,5,5
train_ISIC_0025191.jpg,5,5
train_ISIC_0026505.jpg,5,5
train_ISIC_0029228.jpg,5,5
train_ISIC_0028626.jpg,5,5
train_ISIC_0026007.jpg,5,5
train_ISIC_0029190.jpg,5,4
train_ISIC_0030041.jpg,5,5
train_ISIC_0027403.jpg,5,2
train_ISIC_0032641.jpg,5,4
train_ISIC_0024593.jpg,5,5
train_ISIC_0031482.jpg,5,2
train_ISIC_0032115.jpg,5,5
train_ISIC_0028516.jpg,5,5
train_ISIC_0031492.jpg,5,5
train_ISIC_0029205.jpg,5,5
train_ISIC_0025390.jpg,5,5
train_ISIC_0026834.jpg,5,5
train_ISIC_0030239.jpg,5,5
train_ISIC_0031602.jpg,5,4
train_ISIC_0025304.jpg,5,5
train_ISIC_0031870.jpg,5,5
train_ISIC_0029988.jpg,5,5
train_ISIC_0025501.jpg,5,5
train_ISIC_0025185.jpg,5,5
train_ISIC_0026642.jpg,5,5
train_ISIC_0024779.jpg,5,5
train_ISIC_0025581.jpg,5,5
train_ISIC_0033602.jpg,5,5
train_ISIC_0032239.jpg,5,5
train_ISIC_0032900.jpg,5,5
train_ISIC_0033641.jpg,5,5
train_ISIC_0028391.jpg,5,5
train_ISIC_0032272.jpg,5,5
train_ISIC_0028019.jpg,5,5
train_ISIC_0028178.jpg,5,5
train_ISIC_0025983.jpg,5,2
train_ISIC_0026339.jpg,5,5
train_ISIC_0032631.jpg,5,4
train_ISIC_0032344.jpg,5,5
train_ISIC_0033673.jpg,5,5
train_ISIC_0027339.jpg,5,5
train_ISIC_0029552.jpg,5,5
train_ISIC_0030975.jpg,5,5
train_ISIC_0027861.jpg,5,1
train_ISIC_0030961.jpg,5,4
train_ISIC_0030161.jpg,5,5
train_ISIC_0030989.jpg,5,5
train_ISIC_0029866.jpg,5,5
train_ISIC_0027549.jpg,5,5
train_ISIC_0029808.jpg,5,4
train_ISIC_0024541.jpg,5,5
train_ISIC_0033436.jpg,5,5
train_ISIC_0027088.jpg,5,5
train_ISIC_0024905.jpg,5,5
train_ISIC_0030993.jpg,5,5
train_ISIC_0032667.jpg,5,4
train_ISIC_0025946.jpg,5,2
train_ISIC_0032748.jpg,5,5
train_ISIC_0025001.jpg,5,5
train_ISIC_0028195.jpg,5,5
train_ISIC_0030811.jpg,5,5
train_ISIC_0028185.jpg,5,5
train_ISIC_0027490.jpg,5,4
train_ISIC_0031608.jpg,5,5
train_ISIC_0031301.jpg,5,4
train_ISIC_0033707.jpg,5,4
train_ISIC_0033390.jpg,5,5
train_ISIC_0028736.jpg,5,5
train_ISIC_0030509.jpg,5,5
train_ISIC_0026543.jpg,5,5
train_ISIC_0030943.jpg,5,5
train_ISIC_0028629.jpg,5,5
train_ISIC_0026805.jpg,5,5
train_ISIC_0027325.jpg,5,5
train_ISIC_0031664.jpg,5,5
train_ISIC_0030858.jpg,5,2
train_ISIC_0027173.jpg,5,5
train_ISIC_0030299.jpg,5,4
train_ISIC_0027445.jpg,5,5
train_ISIC_0030139.jpg,5,4
train_ISIC_0029620.jpg,5,5
train_ISIC_0031157.jpg,5,5
train_ISIC_0024902.jpg,5,2
train_ISIC_0026033.jpg,5,5
train_ISIC_0025336.jpg,5,5
train_ISIC_0028390.jpg,5,4
train_ISIC_0031356.jpg,5,5
train_ISIC_0033809.jpg,5,5
train_ISIC_0024376.jpg,5,5
train_ISIC_0031733.jpg,5,1
train_ISIC_0028425.jpg,5,5
train_ISIC_0027143.jpg,5,5
train_ISIC_0030285.jpg,5,1
train_ISIC_0033136.jpg,5,5
train_ISIC_0033970.jpg,5,4
train_ISIC_0027439.jpg,5,5
train_ISIC_0028907.jpg,5,5
train_ISIC_0026494.jpg,5,4
train_ISIC_0030693.jpg,5,2
train_ISIC_0030984.jpg,5,5
train_ISIC_0031323.jpg,5,5
train_ISIC_0028332.jpg,5,2
train_ISIC_0030004.jpg,5,5
train_ISIC_0033508.jpg,5,5
train_ISIC_0032015.jpg,5,4
train_ISIC_0033989.jpg,5,5
train_ISIC_0029963.jpg,5,5
train_ISIC_0032661.jpg,5,5
train_ISIC_0030646.jpg,5,5
train_ISIC_0027434.jpg,5,5
train_ISIC_0026649.jpg,5,5
train_ISIC_0031790.jpg,5,5
train_ISIC_0033542.jpg,5,5
train_ISIC_0027618.jpg,5,5
train_ISIC_0029774.jpg,5,5
train_ISIC_0029982.jpg,5,2
train_ISIC_0033535.jpg,5,5
train_ISIC_0027821.jpg,5,5
train_ISIC_0024438.jpg,5,5
train_ISIC_0026240.jpg,5,5
train_ISIC_0032905.jpg,5,4
train_ISIC_0031220.jpg,5,1
train_ISIC_0032813.jpg,5,4
train_ISIC_0026260.jpg,5,5
train_ISIC_0024989.jpg,5,5
train_ISIC_0033030.jpg,5,2
train_ISIC_0030762.jpg,5,5
train_ISIC_0030062.jpg,5,5
train_ISIC_0025028.jpg,5,5
train_ISIC_0034267.jpg,5,5
train_ISIC_0031049.jpg,5,5
train_ISIC_0028005.jpg,5,5
train_ISIC_0032671.jpg,5,4
train_ISIC_0027373.jpg,5,5
train_ISIC_0024440.jpg,5,5
train_ISIC_0031473.jpg,5,2
train_ISIC_0026741.jpg,5,5
train_ISIC_0029686.jpg,5,5
train_ISIC_0027743.jpg,5,5
train_ISIC_0028295.jpg,5,5
train_ISIC_0026956.jpg,5,5
train_ISIC_0030994.jpg,5,5
train_ISIC_0030736.jpg,5,5
train_ISIC_0028962.jpg,5,5
train_ISIC_0029926.jpg,5,5
train_ISIC_0033552.jpg,5,4
train_ISIC_0033224.jpg,5,4
train_ISIC_0025817.jpg,5,5
train_ISIC_0032131.jpg,5,5
train_ISIC_0024497.jpg,5,5
train_ISIC_0024424.jpg,5,2
train_ISIC_0025795.jpg,5,4
train_ISIC_0030833.jpg,5,4
train_ISIC_0033512.jpg,5,1
train_ISIC_0031723.jpg,5,5
train_ISIC_0024750.jpg,5,5
train_ISIC_0029906.jpg,5,5
train_ISIC_0031571.jpg,5,5
train_ISIC_0030709.jpg,5,4
train_ISIC_0026244.jpg,5,5
train_ISIC_0033107.jpg,5,4
train_ISIC_0028630.jpg,5,5
train_ISIC_0026435.jpg,5,5
train_ISIC_0031680.jpg,5,5
train_ISIC_0031244.jpg,5,5
train_ISIC_0034194.jpg,5,0
train_ISIC_0024802.jpg,5,5
train_ISIC_0026859.jpg,5,5
train_ISIC_0028073.jpg,5,5
train_ISIC_0026039.jpg,5,5
train_ISIC_0026022.jpg,5,5
train_ISIC_0024811.jpg,5,5
train_ISIC_0029150.jpg,5,5
train_ISIC_0031066.jpg,5,5
train_ISIC_0033108.jpg,5,4
train_ISIC_0026274.jpg,5,5
train_ISIC_0032717.jpg,5,4
train_ISIC_0031091.jpg,5,5
train_ISIC_0032464.jpg,5,5
train_ISIC_0027554.jpg,5,5
train_ISIC_0028756.jpg,5,5
train_ISIC_0027284.jpg,5,1
train_ISIC_0032789.jpg,5,5
train_ISIC_0033191.jpg,5,5
train_ISIC_0034149.jpg,5,4
train_ISIC_0027551.jpg,5,5
train_ISIC_0030939.jpg,5,5
train_ISIC_0025237.jpg,5,1
train_ISIC_0027933.jpg,5,5
train_ISIC_0032885.jpg,5,5
train_ISIC_0028432.jpg,5,5
train_ISIC_0033132.jpg,5,4
train_ISIC_0030222.jpg,5,5
train_ISIC_0033247.jpg,5,5
train_ISIC_0026012.jpg,5,5
train_ISIC_0028796.jpg,5,5
train_ISIC_0027499.jpg,5,5
train_ISIC_0028321.jpg,5,5
train_ISIC_0032989.jpg,5,2
train_ISIC_0029158.jpg,5,5
train_ISIC_0029244.jpg,5,5
train_ISIC_0027416.jpg,5,2
train_ISIC_0030435.jpg,5,5
train_ISIC_0027496.jpg,5,5
train_ISIC_0033006.jpg,5,5
train_ISIC_0024442.jpg,5,5
train_ISIC_0025775.jpg,5,5
train_ISIC_0033767.jpg,5,5
train_ISIC_0034249.jpg,5,2
train_ISIC_0033997.jpg,5,4
train_ISIC_0028720.jpg,5,5
train_ISIC_0029565.jpg,5,5
train_ISIC_0027489.jpg,5,5
train_ISIC_0031342.jpg,5,3
train_ISIC_0025437.jpg,5,5
train_ISIC_0030590.jpg,5,5
train_ISIC_0033138.jpg,5,5
train_ISIC_0025900.jpg,5,5
train_ISIC_0025888.jpg,5,5
train_ISIC_0028367.jpg,5,5
train_ISIC_0027098.jpg,5,2
train_ISIC_0030117.jpg,5,5
train_ISIC_0027140.jpg,5,5
train_ISIC_0030944.jpg,5,5
train_ISIC_0026731.jpg,5,5
train_ISIC_0027400.jpg,5,5
train_ISIC_0030701.jpg,5,5
train_ISIC_0032297.jpg,5,5
train_ISIC_0027458.jpg,5,4
train_ISIC_0030936.jpg,5,5
train_ISIC_0025456.jpg,5,5
train_ISIC_0026181.jpg,5,5
train_ISIC_0027077.jpg,5,2
train_ISIC_0034288.jpg,5,5
train_ISIC_0032914.jpg,5,4
train_ISIC_0030627.jpg,5,5
train_ISIC_0025477.jpg,5,5
train_ISIC_0029490.jpg,5,5
train_ISIC_0028934.jpg,5,5
train_ISIC_0030397.jpg,5,5
train_ISIC_0026233.jpg,5,5
train_ISIC_0027495.jpg,5,5
train_ISIC_0024648.jpg,5,3
train_ISIC_0026536.jpg,5,5
train_ISIC_0031145.jpg,5,4
train_ISIC_0029817.jpg,5,5
train_ISIC_0032213.jpg,5,5
train_ISIC_0024556.jpg,5,5
train_ISIC_0031899.jpg,5,5
train_ISIC_0033816.jpg,5,4
train_ISIC_0027323.jpg,5,4
train_ISIC_0029816.jpg,5,5
train_ISIC_0026612.jpg,5,5
train_ISIC_0030719.jpg,5,5
train_ISIC_0031371.jpg,5,5
train_ISIC_0025958.jpg,5,4
train_ISIC_0031992.jpg,5,5
train_ISIC_0032001.jpg,5,5
train_ISIC_0026055.jpg,5,5
train_ISIC_0029694.jpg,5,5
train_ISIC_0026299.jpg,5,5
train_ISIC_0032529.jpg,5,1
train_ISIC_0033297.jpg,5,1
train_ISIC_0030645.jpg,5,4
train_ISIC_0032362.jpg,5,4
train_ISIC_0026325.jpg,5,5
train_ISIC_0026412.jpg,5,5
train_ISIC_0025866.jpg,5,5
train_ISIC_0024366.jpg,5,5
train_ISIC_0024486.jpg,5,5
train_ISIC_0026405.jpg,5,5
train_ISIC_0026309.jpg,5,5
train_ISIC_0032221.jpg,5,5
train_ISIC_0026424.jpg,5,4
train_ISIC_0028771.jpg,5,2
train_ISIC_0033376.jpg,5,4
train_ISIC_0025380.jpg,5,5
train_ISIC_0030980.jpg,5,5
train_ISIC_0031856.jpg,5,5
train_ISIC_0033692.jpg,5,4
train_ISIC_0026315.jpg,5,5
train_ISIC_0025335.jpg,5,5
train_ISIC_0033992.jpg,5,4
train_ISIC_0024968.jpg,5,5
train_ISIC_0028380.jpg,5,5
train_ISIC_0030879.jpg,5,3
train_ISIC_0028740.jpg,5,5
train_ISIC_0029626.jpg,5,5
train_ISIC_0031370.jpg,5,5
train_ISIC_0025598.jpg,5,2
train_ISIC_0026609.jpg,5,5
train_ISIC_0031446.jpg,5,5
train_ISIC_0031611.jpg,5,5
train_ISIC_0028947.jpg,5,5
train_ISIC_0026900.jpg,5,5
train_ISIC_0032469.jpg,5,5
train_ISIC_0030675.jpg,5,5
train_ISIC_0024531.jpg,5,5
train_ISIC_0028101.jpg,5,2
train_ISIC_0028874.jpg,5,5
train_ISIC_0031904.jpg,5,2
train_ISIC_0031327.jpg,5,5
train_ISIC_0032181.jpg,5,4
train_ISIC_0034105.jpg,5,5
train_ISIC_0033430.jpg,5,1
train_ISIC_0028789.jpg,5,5
train_ISIC_0028357.jpg,5,4
train_ISIC_0025936.jpg,5,4
train_ISIC_0033155.jpg,5,4
train_ISIC_0025916.jpg,5,5
train_ISIC_0025006.jpg,5,5
train_ISIC_0028691.jpg,5,5
train_ISIC_0027000.jpg,5,5
train_ISIC_0029751.jpg,5,5
train_ISIC_0026144.jpg,5,5
train_ISIC_0032298.jpg,5,5
train_ISIC_0031696.jpg,5,5
train_ISIC_0030774.jpg,5,5
train_ISIC_0033996.jpg,5,5
train_ISIC_0028253.jpg,5,5
train_ISIC_0026755.jpg,5,5
train_ISIC_0029091.jpg,5,5
train_ISIC_0027050.jpg,5,5
train_ISIC_0032670.jpg,5,5
train_ISIC_0029685.jpg,5,5
train_ISIC_0033914.jpg,5,4
train_ISIC_0030702.jpg,5,5
train_ISIC_0030489.jpg,5,5
train_ISIC_0031074.jpg,5,4
train_ISIC_0029275.jpg,5,5
train_ISIC_0030307.jpg,5,5
train_ISIC_0034029.jpg,5,4
train_ISIC_0026711.jpg,5,5
train_ISIC_0031881.jpg,5,5
train_ISIC_0028468.jpg,5,5
train_ISIC_0026611.jpg,5,5
train_ISIC_0031998.jpg,5,5
train_ISIC_0025152.jpg,5,2
train_ISIC_0026723.jpg,5,5
train_ISIC_0031610.jpg,5,5
train_ISIC_0030152.jpg,5,5
train_ISIC_0034157.jpg,5,5
train_ISIC_0030889.jpg,5,5
train_ISIC_0030006.jpg,5,5
train_ISIC_0032729.jpg,5,5
train_ISIC_0028936.jpg,5,5
train_ISIC_0030359.jpg,5,5
train_ISIC_0030243.jpg,5,5
train_ISIC_0032728.jpg,5,5
train_ISIC_0031884.jpg,5,5
train_ISIC_0032995.jpg,5,4
train_ISIC_0027798.jpg,5,5
train_ISIC_0031605.jpg,5,5
train_ISIC_0025309.jpg,5,4
train_ISIC_0024309.jpg,5,5
train_ISIC_0029736.jpg,5,5
train_ISIC_0028395.jpg,5,3
train_ISIC_0029589.jpg,5,1
train_ISIC_0025898.jpg,5,5
train_ISIC_0026470.jpg,5,5
train_ISIC_0031135.jpg,5,5
train_ISIC_0033664.jpg,5,5
train_ISIC_0026734.jpg,5,5
train_ISIC_0029346.jpg,5,1
train_ISIC_0025966.jpg,5,5
train_ISIC_0025534.jpg,5,5
train_ISIC_0026141.jpg,5,5
train_ISIC_0029419.jpg,5,5
train_ISIC_0025176.jpg,5,5
train_ISIC_0030856.jpg,5,2
train_ISIC_0028686.jpg,5,5
train_ISIC_0025850.jpg,5,5
train_ISIC_0026653.jpg,5,5
train_ISIC_0028732.jpg,5,5
train_ISIC_0033251.jpg,5,5
train_ISIC_0030327.jpg,5,5
train_ISIC_0032253.jpg,5,1
train_ISIC_0025307.jpg,5,5
train_ISIC_0034027.jpg,5,4
train_ISIC_0028863.jpg,5,5
train_ISIC_0033686.jpg,5,4
train_ISIC_0028775.jpg,5,5
train_ISIC_0034251.jpg,5,5
train_ISIC_0033049.jpg,5,5
train_ISIC_0033835.jpg,5,5
train_ISIC_0032000.jpg,5,5
train_ISIC_0030027.jpg,5,5
train_ISIC_0034297.jpg,5,5
train_ISIC_0030367.jpg,5,5
train_ISIC_0031845.jpg,5,5
train_ISIC_0026413.jpg,5,5
train_ISIC_0031954.jpg,5,5
train_ISIC_0024686.jpg,5,5
train_ISIC_0033144.jpg,5,4
train_ISIC_0024728.jpg,5,5
train_ISIC_0029295.jpg,5,5
train_ISIC_0030361.jpg,5,4
train_ISIC_0028731.jpg,5,5
train_ISIC_0028614.jpg,5,5
train_ISIC_0026517.jpg,5,5
train_ISIC_0028213.jpg,5,5
train_ISIC_0025657.jpg,5,5
train_ISIC_0029145.jpg,5,1
train_ISIC_0027393.jpg,5,5
train_ISIC_0032312.jpg,5,5
train_ISIC_0032458.jpg,5,5
train_ISIC_0034088.jpg,5,4
train_ISIC_0030340.jpg,5,2
train_ISIC_0025272.jpg,5,5
train_ISIC_0028337.jpg,5,5
train_ISIC_0029865.jpg,5,2
train_ISIC_0032255.jpg,5,5
train_ISIC_0028954.jpg,5,5
train_ISIC_0032616.jpg,5,4
train_ISIC_0026621.jpg,5,5
train_ISIC_0032693.jpg,5,4
train_ISIC_0027827.jpg,5,5
train_ISIC_0027758.jpg,5,5
train_ISIC_0033861.jpg,5,4
train_ISIC_0032448.jpg,5,5
train_ISIC_0028179.jpg,5,5
train_ISIC_0026677.jpg,5,5
train_ISIC_0028134.jpg,5,5
train_ISIC_0034190.jpg,5,4
train_ISIC_0032505.jpg,5,5
train_ISIC_0025640.jpg,5,2
train_ISIC_0029661.jpg,5,2
train_ISIC_0024346.jpg,5,5
train_ISIC_0029267.jpg,5,5
train_ISIC_0029503.jpg,5,5
train_ISIC_0028459.jpg,5,5
train_ISIC_0034192.jpg,5,4
train_ISIC_0027134.jpg,5,5
train_ISIC_0031420.jpg,5,5
train_ISIC_0028494.jpg,5,4
train_ISIC_0025198.jpg,5,4
train_ISIC_0026410.jpg,5,5
train_ISIC_0030611.jpg,5,5
train_ISIC_0030658.jpg,5,5
train_ISIC_0030311.jpg,5,5
train_ISIC_0031525.jpg,5,5
train_ISIC_0024510.jpg,5,5
train_ISIC_0025058.jpg,5,5
train_ISIC_0032916.jpg,5,4
train_ISIC_0029752.jpg,5,5
train_ISIC_0034181.jpg,5,5
train_ISIC_0024950.jpg,5,5
train_ISIC_0028633.jpg,5,5
train_ISIC_0027662.jpg,5,5
train_ISIC_0029381.jpg,5,5
train_ISIC_0030055.jpg,5,5
train_ISIC_0032788.jpg,5,1
train_ISIC_0025296.jpg,5,5
train_ISIC_0033849.jpg,5,4
train_ISIC_0033338.jpg,5,4
train_ISIC_0027386.jpg,5,5
train_ISIC_0027464.jpg,5,5
train_ISIC_0024576.jpg,5,5
train_ISIC_0032974.jpg,5,5
train_ISIC_0025725.jpg,5,5
train_ISIC_0029203.jpg,5,2
train_ISIC_0028344.jpg,5,5
train_ISIC_0030228.jpg,5,5
train_ISIC_0029918.jpg,5,5
train_ISIC_0025224.jpg,5,5
train_ISIC_0025344.jpg,5,5
train_ISIC_0034261.jpg,5,5
train_ISIC_0025848.jpg,5,5
train_ISIC_0030836.jpg,5,3
train_ISIC_0029757.jpg,5,5
train_ISIC_0028759.jpg,5,2
train_ISIC_0024788.jpg,5,5
train_ISIC_0028723.jpg,5,5
train_ISIC_0025007.jpg,5,5
train_ISIC_0031192.jpg,5,2
train_ISIC_0028480.jpg,5,5
train_ISIC_0025959.jpg,5,5
train_ISIC_0032281.jpg,5,4
train_ISIC_0031880.jpg,5,4
train_ISIC_0026779.jpg,5,5
train_ISIC_0025476.jpg,5,4
train_ISIC_0026507.jpg,5,5
train_ISIC_0032907.jpg,5,4
train_ISIC_0026830.jpg,5,5
train_ISIC_0024847.jpg,5,5
train_ISIC_0028004.jpg,5,5
train_ISIC_0031256.jpg,5,5
train_ISIC_0024618.jpg,5,2
train_ISIC_0025034.jpg,5,5
train_ISIC_0025328.jpg,5,5
train_ISIC_0033698.jpg,5,4
train_ISIC_0025160.jpg,5,4
train_ISIC_0033934.jpg,5,0
train_ISIC_0028384.jpg,5,2
train_ISIC_0026657.jpg,5,5
train_ISIC_0028935.jpg,5,5
train_ISIC_0026101.jpg,5,4
train_ISIC_0028409.jpg,5,5
train_ISIC_0026204.jpg,5,5
train_ISIC_0033220.jpg,5,5
train_ISIC_0032861.jpg,5,4
train_ISIC_0025853.jpg,5,5
train_ISIC_0028625.jpg,5,4
train_ISIC_0027897.jpg,5,5
train_ISIC_0033091.jpg,5,5
train_ISIC_0032860.jpg,5,6
train_ISIC_0024820.jpg,5,5
train_ISIC_0029998.jpg,5,5
train_ISIC_0024427.jpg,5,5
train_ISIC_0032562.jpg,5,4
train_ISIC_0033688.jpg,5,4
train_ISIC_0030296.jpg,5,4
train_ISIC_0024591.jpg,5,5
train_ISIC_0029925.jpg,5,5
train_ISIC_0030670.jpg,5,5
train_ISIC_0024891.jpg,5,5
train_ISIC_0027816.jpg,5,5
train_ISIC_0032920.jpg,5,0
train_ISIC_0029376.jpg,5,5
train_ISIC_0031158.jpg,5,1
train_ISIC_0031124.jpg,5,5
train_ISIC_0027418.jpg,5,5
train_ISIC_0027150.jpg,5,2
train_ISIC_0029335.jpg,5,5
train_ISIC_0033658.jpg,5,5
train_ISIC_0031921.jpg,5,5
train_ISIC_0030905.jpg,5,5
train_ISIC_0025173.jpg,5,1
train_ISIC_0031737.jpg,5,5
train_ISIC_0025871.jpg,5,5
train_ISIC_0025159.jpg,5,5
train_ISIC_0027542.jpg,5,5
train_ISIC_0031566.jpg,5,5
train_ISIC_0031889.jpg,5,4
train_ISIC_0027812.jpg,5,5
train_ISIC_0030650.jpg,5,5
train_ISIC_0028138.jpg,5,5
train_ISIC_0030894.jpg,5,4
train_ISIC_0026544.jpg,5,1
train_ISIC_0029065.jpg,5,5
train_ISIC_0027630.jpg,5,5
train_ISIC_0026599.jpg,5,4
train_ISIC_0026251.jpg,5,3
train_ISIC_0025565.jpg,5,5
train_ISIC_0027430.jpg,5,5
train_ISIC_0030999.jpg,5,5
train_ISIC_0031141.jpg,5,5
train_ISIC_0025994.jpg,5,5
train_ISIC_0025778.jpg,5,1
train_ISIC_0026121.jpg,5,5
train_ISIC_0032632.jpg,5,3
train_ISIC_0032038.jpg,5,5
train_ISIC_0030496.jpg,5,5
train_ISIC_0034270.jpg,5,4
train_ISIC_0024368.jpg,5,5
train_ISIC_0031167.jpg,5,5
train_ISIC_0032218.jpg,5,1
train_ISIC_0033873.jpg,5,5
train_ISIC_0029171.jpg,5,5
train_ISIC_0033502.jpg,5,3
train_ISIC_0031660.jpg,5,5
train_ISIC_0030499.jpg,5,5
train_ISIC_0033475.jpg,5,4
train_ISIC_0029467.jpg,5,5
train_ISIC_0030641.jpg,5,5
train_ISIC_0029614.jpg,5,5
train_ISIC_0028110.jpg,5,5
train_ISIC_0031131.jpg,5,0
train_ISIC_0027147.jpg,5,2
train_ISIC_0028862.jpg,5,5
train_ISIC_0028590.jpg,5,5
train_ISIC_0033407.jpg,5,4
train_ISIC_0029719.jpg,5,2
train_ISIC_0028164.jpg,5,5
train_ISIC_0031456.jpg,5,5
train_ISIC_0026038.jpg,5,5
train_ISIC_0033993.jpg,5,5
train_ISIC_0025449.jpg,5,5
train_ISIC_0028186.jpg,5,4
train_ISIC_0026527.jpg,5,5
train_ISIC_0031647.jpg,5,5
train_ISIC_0028002.jpg,5,5
train_ISIC_0025065.jpg,5,5
train_ISIC_0027479.jpg,5,5
train_ISIC_0028599.jpg,5,2
train_ISIC_0025070.jpg,5,5
train_ISIC_0028544.jpg,5,2
train_ISIC_0030780.jpg,5,5
train_ISIC_0033514.jpg,5,2
train_ISIC_0033478.jpg,5,4
train_ISIC_0026283.jpg,5,5
train_ISIC_0025217.jpg,5,5
train_ISIC_0025925.jpg,5,5
train_ISIC_0026216.jpg,5,5
train_ISIC_0028205.jpg,5,1
train_ISIC_0027901.jpg,5,5
train_ISIC_0029496.jpg,5,5
train_ISIC_0027975.jpg,5,5
train_ISIC_0026962.jpg,5,5
train_ISIC_0026428.jpg,5,5
train_ISIC_0033434.jpg,5,4
train_ISIC_0027401.jpg,5,4
train_ISIC_0033365.jpg,5,5
train_ISIC_0034219.jpg,5,4
train_ISIC_0028986.jpg,5,5
train_ISIC_0025282.jpg,5,5
train_ISIC_0026136.jpg,5,5
train_ISIC_0027837.jpg,5,4
train_ISIC_0030869.jpg,5,5
train_ISIC_0026806.jpg,5,5
train_ISIC_0034098.jpg,5,3
train_ISIC_0026017.jpg,5,0
train_ISIC_0029761.jpg,5,5
train_ISIC_0034273.jpg,5,1
train_ISIC_0025894.jpg,5,5
train_ISIC_0026063.jpg,5,5
train_ISIC_0031234.jpg,5,5
train_ISIC_0030140.jpg,5,4
train_ISIC_0027138.jpg,5,5
train_ISIC_0027409.jpg,5,5
train_ISIC_0031414.jpg,5,5
train_ISIC_0032582.jpg,5,5
train_ISIC_0028944.jpg,5,4
train_ISIC_0030112.jpg,5,5
train_ISIC_0025926.jpg,5,1
train_ISIC_0030455.jpg,5,4
train_ISIC_0031885.jpg,5,5
train_ISIC_0026404.jpg,5,1
train_ISIC_0024656.jpg,5,5
train_ISIC_0033159.jpg,5,5
train_ISIC_0032704.jpg,5,5
train_ISIC_0026284.jpg,5,5
train_ISIC_0029187.jpg,5,5
train_ISIC_0033760.jpg,5,4
train_ISIC_0025757.jpg,5,5
train_ISIC_0030232.jpg,5,5
train_ISIC_0028866.jpg,5,4
train_ISIC_0029845.jpg,5,5
train_ISIC_0030451.jpg,5,4
train_ISIC_0026250.jpg,5,5
train_ISIC_0030422.jpg,5,3
train_ISIC_0024609.jpg,5,5
train_ISIC_0031491.jpg,5,5
train_ISIC_0028068.jpg,5,5
train_ISIC_0033935.jpg,5,5
train_ISIC_0034083.jpg,5,5
train_ISIC_0026358.jpg,5,5
train_ISIC_0032700.jpg,5,6
train_ISIC_0025934.jpg,5,5
train_ISIC_0024762.jpg,5,5
train_ISIC_0024924.jpg,5,4
train_ISIC_0033353.jpg,5,1
train_ISIC_0031800.jpg,5,5
train_ISIC_0034240.jpg,5,4
train_ISIC_0030688.jpg,5,5
train_ISIC_0027199.jpg,5,5
train_ISIC_0034077.jpg,5,4
train_ISIC_0025166.jpg,5,2
train_ISIC_0025667.jpg,5,5
train_ISIC_0027293.jpg,5,4
train_ISIC_0030640.jpg,5,1
train_ISIC_0026021.jpg,5,5
train_ISIC_0025701.jpg,5,3
train_ISIC_0031387.jpg,5,5
train_ISIC_0025346.jpg,5,4
train_ISIC_0028216.jpg,5,2
train_ISIC_0032796.jpg,5,5
train_ISIC_0026010.jpg,5,5
train_ISIC_0028241.jpg,5,5
train_ISIC_0026478.jpg,5,1
train_ISIC_0030829.jpg,5,5
train_ISIC_0033532.jpg,5,5
train_ISIC_0024415.jpg,5,5
train_ISIC_0029961.jpg,5,5
train_ISIC_0026973.jpg,5,5
train_ISIC_0026371.jpg,5,3
train_ISIC_0033800.jpg,5,4
train_ISIC_0026628.jpg,5,5
train_ISIC_0028025.jpg,5,5
train_ISIC_0026008.jpg,5,2
train_ISIC_0030199.jpg,5,5
train_ISIC_0030938.jpg,5,5
train_ISIC_0030654.jpg,5,5
train_ISIC_0033733.jpg,5,4
train_ISIC_0029895.jpg,5,2
train_ISIC_0028089.jpg,5,5
train_ISIC_0033165.jpg,5,2
train_ISIC_0028348.jpg,5,5
train_ISIC_0031106.jpg,5,5
train_ISIC_0025694.jpg,5,5
train_ISIC_0034286.jpg,5,4
train_ISIC_0025405.jpg,5,5
train_ISIC_0027329.jpg,5,5
train_ISIC_0029357.jpg,5,5
train_ISIC_0024574.jpg,5,5
train_ISIC_0031549.jpg,5,5
train_ISIC_0026788.jpg,5,5
train_ISIC_0027309.jpg,5,5
train_ISIC_0031227.jpg,5,5
train_ISIC_0026464.jpg,5,5
train_ISIC_0030250.jpg,5,5
train_ISIC_0033066.jpg,5,5
train_ISIC_0024835.jpg,5,5
train_ISIC_0027587.jpg,5,5
train_ISIC_0032035.jpg,5,4
train_ISIC_0025442.jpg,5,5
train_ISIC_0034245.jpg,5,4
train_ISIC_0030696.jpg,5,5
train_ISIC_0033095.jpg,5,4
train_ISIC_0025424.jpg,5,4
train_ISIC_0025259.jpg,5,5
train_ISIC_0032952.jpg,5,4
train_ISIC_0029477.jpg,5,5
train_ISIC_0032800.jpg,5,5
train_ISIC_0027408.jpg,5,4
train_ISIC_0024347.jpg,5,5
train_ISIC_0027322.jpg,5,5
train_ISIC_0028260.jpg,5,5
train_ISIC_0034121.jpg,5,1
train_ISIC_0027947.jpg,5,5
train_ISIC_0027773.jpg,5,5
train_ISIC_0030808.jpg,5,2
train_ISIC_0024798.jpg,5,2
train_ISIC_0025749.jpg,5,5
train_ISIC_0033797.jpg,5,5
train_ISIC_0030174.jpg,5,5
train_ISIC_0032943.jpg,5,5
train_ISIC_0030851.jpg,5,4
train_ISIC_0028813.jpg,5,5
train_ISIC_0032798.jpg,5,5
train_ISIC_0025093.jpg,5,5
train_ISIC_0024621.jpg,5,5
train_ISIC_0030157.jpg,5,5
train_ISIC_0025990.jpg,5,2
train_ISIC_0024530.jpg,5,5
train_ISIC_0025406.jpg,5,5
train_ISIC_0025402.jpg,5,4
train_ISIC_0032184.jpg,5,4
train_ISIC_0032677.jpg,5,5
train_ISIC_0027818.jpg,5,5
train_ISIC_0031367.jpg,5,5
train_ISIC_0032323.jpg,5,5
train_ISIC_0027450.jpg,5,5
train_ISIC_0028755.jpg,5,2
train_ISIC_0026482.jpg,5,5
train_ISIC_0029149.jpg,5,5
train_ISIC_0031328.jpg,5,5
train_ISIC_0029902.jpg,5,5
train_ISIC_0033112.jpg,5,4
train_ISIC_0027028.jpg,5,5
train_ISIC_0026708.jpg,5,5
train_ISIC_0033833.jpg,5,2
train_ISIC_0028475.jpg,5,5
train_ISIC_0032294.jpg,5,4
train_ISIC_0028151.jpg,5,5
train_ISIC_0032868.jpg,5,2
train_ISIC_0033007.jpg,5,4
train_ISIC_0030510.jpg,5,5
train_ISIC_0026578.jpg,5,5
train_ISIC_0029710.jpg,5,5
train_ISIC_0029848.jpg,5,5
train_ISIC_0032166.jpg,5,5
train_ISIC_0025809.jpg,5,5
train_ISIC_0028488.jpg,5,4
train_ISIC_0032910.jpg,5,2
train_ISIC_0033250.jpg,5,5
train_ISIC_0025634.jpg,5,5
train_ISIC_0027203.jpg,5,4
train_ISIC_0027145.jpg,5,5
train_ISIC_0026267.jpg,5,5
train_ISIC_0033726.jpg,5,5
train_ISIC_0027424.jpg,5,5
train_ISIC_0030751.jpg,5,5
train_ISIC_0032048.jpg,5,5
train_ISIC_0033929.jpg,5,5
train_ISIC_0034072.jpg,5,1
train_ISIC_0030933.jpg,5,2
train_ISIC_0024401.jpg,5,5
train_ISIC_0031935.jpg,5,5
train_ISIC_0024509.jpg,5,5
train_ISIC_0029709.jpg,5,5
train_ISIC_0031623.jpg,5,5
train_ISIC_0029896.jpg,5,5
train_ISIC_0031793.jpg,5,5
train_ISIC_0033501.jpg,5,5
train_ISIC_0030084.jpg,5,5
train_ISIC_0030896.jpg,5,5
train_ISIC_0030111.jpg,5,5
train_ISIC_0029822.jpg,5,5
train_ISIC_0025834.jpg,5,5
train_ISIC_0032169.jpg,5,5
train_ISIC_0033584.jpg,5,1
train_ISIC_0026225.jpg,5,5
train_ISIC_0027330.jpg,5,5
train_ISIC_0025438.jpg,5,5
train_ISIC_0032427.jpg,5,5
train_ISIC_0030699.jpg,5,5
train_ISIC_0029826.jpg,5,2
train_ISIC_0033826.jpg,5,5
train_ISIC_0024721.jpg,5,2
train_ISIC_0030797.jpg,5,5
train_ISIC_0025164.jpg,5,5
train_ISIC_0024670.jpg,5,5
train_ISIC_0033170.jpg,5,4
train_ISIC_0031573.jpg,5,0
train_ISIC_0031216.jpg,5,4
train_ISIC_0030691.jpg,5,5
train_ISIC_0032895.jpg,5,5
train_ISIC_0029178.jpg,5,3
train_ISIC_0032380.jpg,5,5
train_ISIC_0025443.jpg,5,4
train_ISIC_0025499.jpg,5,5
train_ISIC_0026759.jpg,5,4
train_ISIC_0026166.jpg,5,2
train_ISIC_0031241.jpg,5,5
train_ISIC_0027768.jpg,5,4
train_ISIC_0029273.jpg,5,5
train_ISIC_0032828.jpg,5,4
train_ISIC_0028799.jpg,5,5
train_ISIC_0031440.jpg,5,4
train_ISIC_0034147.jpg,5,3
train_ISIC_0031645.jpg,5,4
train_ISIC_0033634.jpg,5,4
train_ISIC_0024583.jpg,5,5
train_ISIC_0025944.jpg,5,5
train_ISIC_0032977.jpg,5,4
train_ISIC_0028230.jpg,5,4
train_ISIC_0025872.jpg,5,5
train_ISIC_0024614.jpg,5,5
train_ISIC_0032825.jpg,5,2
train_ISIC_0033403.jpg,5,2
train_ISIC_0028378.jpg,5,5
train_ISIC_0030388.jpg,5,5
train_ISIC_0026109.jpg,5,5
train_ISIC_0024822.jpg,5,5
train_ISIC_0026540.jpg,5,3
train_ISIC_0024738.jpg,5,5
train_ISIC_0030850.jpg,5,5
train_ISIC_0027792.jpg,5,5
train_ISIC_0033052.jpg,5,2
train_ISIC_0027558.jpg,5,4
train_ISIC_0031444.jpg,5,5
train_ISIC_0025448.jpg,5,5
train_ISIC_0028246.jpg,5,2
train_ISIC_0028674.jpg,5,5
train_ISIC_0033493.jpg,5,2
train_ISIC_0026155.jpg,5,5
train_ISIC_0033417.jpg,5,5
train_ISIC_0027607.jpg,5,4
train_ISIC_0030550.jpg,5,4
train_ISIC_0033939.jpg,5,5
train_ISIC_0030317.jpg,5,5
train_ISIC_0030050.jpg,5,5
train_ISIC_0026547.jpg,5,5
train_ISIC_0032360.jpg,5,5
train_ISIC_0026079.jpg,5,5
train_ISIC_0025267.jpg,5,5
train_ISIC_0027567.jpg,5,4
train_ISIC_0026374.jpg,5,2
train_ISIC_0029787.jpg,5,5
train_ISIC_0031102.jpg,5,5
train_ISIC_0030733.jpg,5,2
train_ISIC_0026730.jpg,5,5
train_ISIC_0027714.jpg,5,5
train_ISIC_0032452.jpg,5,5
train_ISIC_0031834.jpg,5,5
train_ISIC_0031205.jpg,5,5
train_ISIC_0033882.jpg,5,3
train_ISIC_0030439.jpg,5,5
train_ISIC_0031699.jpg,5,5
train_ISIC_0026186.jpg,5,5
train_ISIC_0033824.jpg,5,4
train_ISIC_0025239.jpg,5,4
train_ISIC_0030425.jpg,5,3
train_ISIC_0025203.jpg,5,5
train_ISIC_0033243.jpg,5,5
train_ISIC_0024421.jpg,5,5
train_ISIC_0030921.jpg,5,5
train_ISIC_0033724.jpg,5,5
train_ISIC_0029351.jpg,5,5
train_ISIC_0026487.jpg,5,2
train_ISIC_0028093.jpg,5,5
train_ISIC_0025922.jpg,5,5
train_ISIC_0031110.jpg,5,5
train_ISIC_0034033.jpg,5,2
train_ISIC_0031137.jpg,5,5
train_ISIC_0030892.jpg,5,1
train_ISIC_0025695.jpg,5,4
train_ISIC_0026673.jpg,5,5
train_ISIC_0025214.jpg,5,4
train_ISIC_0034133.jpg,5,4
train_ISIC_0028971.jpg,5,4
train_ISIC_0032707.jpg,5,4
train_ISIC_0030777.jpg,5,5
train_ISIC_0033961.jpg,5,4
train_ISIC_0031283.jpg,5,5
train_ISIC_0028428.jpg,5,5
train_ISIC_0028441.jpg,5,4
train_ISIC_0032157.jpg,5,4
train_ISIC_0031174.jpg,5,5
train_ISIC_0029482.jpg,5,5
train_ISIC_0031096.jpg,5,5
train_ISIC_0029174.jpg,5,6
train_ISIC_0024610.jpg,5,5
train_ISIC_0026177.jpg,5,2
train_ISIC_0025190.jpg,5,5
train_ISIC_0034154.jpg,5,4
train_ISIC_0027757.jpg,5,5
train_ISIC_0030810.jpg,5,1
train_ISIC_0027082.jpg,5,5
train_ISIC_0027217.jpg,5,5
train_ISIC_0026691.jpg,5,5
train_ISIC_0029449.jpg,5,5
train_ISIC_0032493.jpg,5,5
train_ISIC_0026226.jpg,5,1
train_ISIC_0030176.jpg,5,5
train_ISIC_0030685.jpg,5,5
train_ISIC_0024671.jpg,5,5
train_ISIC_0029673.jpg,5,5
train_ISIC_0026757.jpg,5,5
train_ISIC_0029038.jpg,5,5
train_ISIC_0024404.jpg,5,5
train_ISIC_0024916.jpg,5,5
train_ISIC_0027732.jpg,5,5
train_ISIC_0030620.jpg,5,2
train_ISIC_0029604.jpg,5,5
train_ISIC_0025636.jpg,5,5
train_ISIC_0034099.jpg,5,2
train_ISIC_0028605.jpg,5,5
train_ISIC_0024725.jpg,5,5
train_ISIC_0032118.jpg,5,5
train_ISIC_0030513.jpg,5,5
train_ISIC_0029018.jpg,5,5
train_ISIC_0032946.jpg,5,6
train_ISIC_0031332.jpg,5,5
train_ISIC_0031512.jpg,5,5
train_ISIC_0030090.jpg,5,5
train_ISIC_0027515.jpg,5,5
train_ISIC_0028313.jpg,5,5
train_ISIC_0028436.jpg,5,4
train_ISIC_0025009.jpg,5,5
train_ISIC_0025947.jpg,5,5
train_ISIC_0031117.jpg,5,1
train_ISIC_0025240.jpg,5,4
train_ISIC_0028112.jpg,5,5
train_ISIC_0029409.jpg,5,4
train_ISIC_0027242.jpg,5,2
train_ISIC_0025057.jpg,5,5
train_ISIC_0028276.jpg,5,6
train_ISIC_0031121.jpg,5,2
train_ISIC_0031826.jpg,5,5
train_ISIC_0025728.jpg,5,5
train_ISIC_0031307.jpg,5,5
train_ISIC_0029656.jpg,5,5
train_ISIC_0027366.jpg,5,5
train_ISIC_0026521.jpg,5,5
train_ISIC_0030454.jpg,5,5
train_ISIC_0026041.jpg,5,5
train_ISIC_0028861.jpg,5,5
train_ISIC_0025727.jpg,5,5
train_ISIC_0030576.jpg,5,5
train_ISIC_0029239.jpg,5,5
train_ISIC_0024942.jpg,5,5
train_ISIC_0024697.jpg,5,5
train_ISIC_0027579.jpg,5,5
train_ISIC_0030518.jpg,5,5
train_ISIC_0027119.jpg,5,5
train_ISIC_0034295.jpg,5,5
train_ISIC_0025430.jpg,5,5
train_ISIC_0028682.jpg,5,5
train_ISIC_0034009.jpg,5,5
train_ISIC_0025846.jpg,5,2
train_ISIC_0033548.jpg,5,5
train_ISIC_0027508.jpg,5,5
train_ISIC_0033640.jpg,5,5
train_ISIC_0033864.jpg,5,5
train_ISIC_0030593.jpg,5,5
train_ISIC_0029939.jpg,5,5
train_ISIC_0028157.jpg,5,5
train_ISIC_0028837.jpg,5,5
train_ISIC_0030351.jpg,5,5
train_ISIC_0028769.jpg,5,5
train_ISIC_0030399.jpg,5,4
train_ISIC_0030170.jpg,5,5
train_ISIC_0024419.jpg,5,5
train_ISIC_0030846.jpg,5,5
train_ISIC_0030960.jpg,5,4
train_ISIC_0032211.jpg,5,5
train_ISIC_0031750.jpg,5,2
train_ISIC_0027730.jpg,5,5
train_ISIC_0032381.jpg,5,5
train_ISIC_0032539.jpg,5,5
train_ISIC_0031947.jpg,5,5
train_ISIC_0026169.jpg,5,5
train_ISIC_0027516.jpg,5,5
train_ISIC_0033940.jpg,5,4
train_ISIC_0028786.jpg,5,5
train_ISIC_0032759.jpg,5,5
train_ISIC_0025632.jpg,5,5
train_ISIC_0033944.jpg,5,4
train_ISIC_0030368.jpg,5,5
train_ISIC_0032282.jpg,5,5
train_ISIC_0026175.jpg,5,5
train_ISIC_0026933.jpg,5,5
train_ISIC_0026218.jpg,5,5
train_ISIC_0029997.jpg,5,5
train_ISIC_0027986.jpg,5,5
train_ISIC_0032005.jpg,5,5
train_ISIC_0030842.jpg,5,5
train_ISIC_0030102.jpg,5,5
train_ISIC_0031979.jpg,5,5
train_ISIC_0025327.jpg,5,4
train_ISIC_0026130.jpg,5,5
train_ISIC_0027640.jpg,5,4
train_ISIC_0024869.jpg,5,4
train_ISIC_0031594.jpg,5,1
train_ISIC_0025638.jpg,5,1
train_ISIC_0028843.jpg,5,5
train_ISIC_0033249.jpg,5,5
train_ISIC_0027087.jpg,5,4
train_ISIC_0024964.jpg,5,5
train_ISIC_0026535.jpg,5,5
train_ISIC_0033712.jpg,5,1
train_ISIC_0032666.jpg,5,5
train_ISIC_0032703.jpg,5,3
train_ISIC_0027877.jpg,5,5
train_ISIC_0030569.jpg,5,5
train_ISIC_0025836.jpg,5,4
train_ISIC_0026725.jpg,5,5
train_ISIC_0026419.jpg,5,4
train_ISIC_0025462.jpg,5,5
train_ISIC_0033719.jpg,5,4
train_ISIC_0033794.jpg,5,2
train_ISIC_0026519.jpg,5,1
train_ISIC_0027016.jpg,5,5
train_ISIC_0025875.jpg,5,5
train_ISIC_0024926.jpg,5,2
train_ISIC_0028766.jpg,5,4
train_ISIC_0024587.jpg,5,4
train_ISIC_0025951.jpg,5,5
train_ISIC_0033334.jpg,5,5
train_ISIC_0028551.jpg,5,5
train_ISIC_0029978.jpg,5,4
train_ISIC_0029326.jpg,5,5
train_ISIC_0031359.jpg,5,1
train_ISIC_0025773.jpg,5,5
train_ISIC_0033920.jpg,5,2
train_ISIC_0025786.jpg,5,4
train_ISIC_0028485.jpg,5,5
train_ISIC_0029684.jpg,5,5
train_ISIC_0026800.jpg,5,5
train_ISIC_0032880.jpg,5,4
train_ISIC_0029280.jpg,5,5
train_ISIC_0026820.jpg,5,4
train_ISIC_0031098.jpg,5,5
train_ISIC_0032423.jpg,5,4
train_ISIC_0025643.jpg,5,5
train_ISIC_0028788.jpg,5,5
train_ISIC_0027283.jpg,5,5
train_ISIC_0024768.jpg,5,5
train_ISIC_0030888.jpg,5,5
train_ISIC_0033656.jpg,5,5
train_ISIC_0027372.jpg,5,5
train_ISIC_0027645.jpg,5,2
train_ISIC_0028831.jpg,5,5
train_ISIC_0027114.jpg,5,5
train_ISIC_0027224.jpg,5,4
train_ISIC_0026499.jpg,5,5
train_ISIC_0027168.jpg,5,5
train_ISIC_0033420.jpg,5,4
train_ISIC_0030664.jpg,5,1
train_ISIC_0029681.jpg,5,5
train_ISIC_0029993.jpg,5,5
train_ISIC_0027091.jpg,5,2
train_ISIC_0027974.jpg,5,5
train_ISIC_0025536.jpg,5,5
train_ISIC_0024513.jpg,5,5
train_ISIC_0024561.jpg,5,5
train_ISIC_0031445.jpg,5,5
train_ISIC_0024753.jpg,5,5
train_ISIC_0030764.jpg,5,1
train_ISIC_0028708.jpg,5,5
train_ISIC_0027695.jpg,5,5
train_ISIC_0028588.jpg,5,2
train_ISIC_0029654.jpg,5,5
train_ISIC_0030819.jpg,5,5
train_ISIC_0027061.jpg,5,5
train_ISIC_0026418.jpg,5,5
train_ISIC_0025171.jpg,5,0
train_ISIC_0032953.jpg,5,5
train_ISIC_0026310.jpg,5,5
train_ISIC_0030085.jpg,5,4
train_ISIC_0033948.jpg,5,5
train_ISIC_0030601.jpg,5,5
train_ISIC_0026354.jpg,5,5
train_ISIC_0032148.jpg,5,4
train_ISIC_0029441.jpg,5,1
train_ISIC_0026928.jpg,5,5
train_ISIC_0034148.jpg,5,5
train_ISIC_0031866.jpg,5,5
train_ISIC_0026270.jpg,5,5
train_ISIC_0026837.jpg,5,5
train_ISIC_0025202.jpg,5,5
train_ISIC_0030313.jpg,5,6
train_ISIC_0028471.jpg,5,5
train_ISIC_0031975.jpg,5,1
train_ISIC_0027703.jpg,5,5
train_ISIC_0028722.jpg,5,5
train_ISIC_0026148.jpg,5,4
train_ISIC_0030087.jpg,5,5
train_ISIC_0028976.jpg,5,5
train_ISIC_0033277.jpg,5,5
train_ISIC_0032383.jpg,5,5
train_ISIC_0028834.jpg,5,5
train_ISIC_0028828.jpg,5,5
train_ISIC_0026199.jpg,5,5
train_ISIC_0029662.jpg,5,2
train_ISIC_0033285.jpg,5,5
train_ISIC_0026198.jpg,5,5
train_ISIC_0024764.jpg,5,5
train_ISIC_0025111.jpg,5,5
train_ISIC_0025878.jpg,5,5
train_ISIC_0028169.jpg,5,5
train_ISIC_0033128.jpg,5,4
train_ISIC_0026271.jpg,5,5
train_ISIC_0027201.jpg,5,5
train_ISIC_0027214.jpg,5,5
train_ISIC_0028023.jpg,5,4
train_ISIC_0033345.jpg,5,4
train_ISIC_0026980.jpg,5,5
train_ISIC_0029945.jpg,5,4
train_ISIC_0028235.jpg,5,2
train_ISIC_0030315.jpg,5,5
train_ISIC_0032465.jpg,5,5
train_ISIC_0026460.jpg,5,5
train_ISIC_0030958.jpg,5,5
train_ISIC_0026129.jpg,5,5
train_ISIC_0030538.jpg,5,5
train_ISIC_0026763.jpg,5,5
train_ISIC_0027086.jpg,5,5
train_ISIC_0025218.jpg,5,5
train_ISIC_0032527.jpg,5,5
train_ISIC_0028917.jpg,5,5
train_ISIC_0025997.jpg,5,5
train_ISIC_0031143.jpg,5,5
train_ISIC_0026176.jpg,5,5
train_ISIC_0027262.jpg,5,5
train_ISIC_0033916.jpg,5,4
train_ISIC_0032503.jpg,5,5
train_ISIC_0029199.jpg,5,4
train_ISIC_0031003.jpg,5,5
train_ISIC_0025354.jpg,5,5
train_ISIC_0029976.jpg,5,4
train_ISIC_0028748.jpg,5,5
train_ISIC_0033994.jpg,5,5
train_ISIC_0027272.jpg,5,5
train_ISIC_0024606.jpg,5,5
train_ISIC_0025737.jpg,5,5
train_ISIC_0030919.jpg,5,2
train_ISIC_0025045.jpg,5,5
train_ISIC_0029410.jpg,5,5
train_ISIC_0026476.jpg,5,5
train_ISIC_0031151.jpg,5,2
train_ISIC_0025186.jpg,5,5
train_ISIC_0033748.jpg,5,5
train_ISIC_0028751.jpg,5,4
train_ISIC_0027775.jpg,5,5
train_ISIC_0024364.jpg,5,5
train_ISIC_0031535.jpg,5,5
train_ISIC_0024818.jpg,5,2
train_ISIC_0027799.jpg,5,5
train_ISIC_0027384.jpg,5,2
train_ISIC_0032175.jpg,5,4
train_ISIC_0024423.jpg,5,5
train_ISIC_0034164.jpg,5,5
train_ISIC_0029377.jpg,5,5
train_ISIC_0033373.jpg,5,5
train_ISIC_0024687.jpg,5,2
train_ISIC_0030613.jpg,5,5
train_ISIC_0027824.jpg,5,5
train_ISIC_0024342.jpg,5,2
train_ISIC_0030832.jpg,5,5
train_ISIC_0028287.jpg,5,5
train_ISIC_0025446.jpg,5,5
train_ISIC_0024465.jpg,5,5
train_ISIC_0026772.jpg,5,5
train_ISIC_0026917.jpg,5,5
train_ISIC_0028135.jpg,5,5
train_ISIC_0032320.jpg,5,5
train_ISIC_0032743.jpg,5,5
train_ISIC_0030353.jpg,5,5
train_ISIC_0031803.jpg,5,4
train_ISIC_0032299.jpg,5,5
train_ISIC_0032771.jpg,5,4
train_ISIC_0024369.jpg,5,5
train_ISIC_0034272.jpg,5,0
train_ISIC_0032150.jpg,5,5
train_ISIC_0028375.jpg,5,5
train_ISIC_0033331.jpg,5,4
train_ISIC_0027223.jpg,5,5
train_ISIC_0032457.jpg,5,5
train_ISIC_0030895.jpg,5,2
train_ISIC_0024755.jpg,5,5
train_ISIC_0033149.jpg,5,5
train_ISIC_0026479.jpg,5,5
train_ISIC_0028057.jpg,5,2
train_ISIC_0031231.jpg,5,5
train_ISIC_0029584.jpg,5,5
train_ISIC_0031555.jpg,5,5
train_ISIC_0029118.jpg,5,5
train_ISIC_0024735.jpg,5,5
train_ISIC_0031576.jpg,5,5
train_ISIC_0033976.jpg,5,5
train_ISIC_0030092.jpg,5,5
train_ISIC_0025653.jpg,5,4
train_ISIC_0026750.jpg,5,5
train_ISIC_0031715.jpg,5,5
train_ISIC_0025789.jpg,5,5
train_ISIC_0031072.jpg,5,5
train_ISIC_0027273.jpg,5,5
train_ISIC_0029484.jpg,5,2
train_ISIC_0027073.jpg,5,2
train_ISIC_0029127.jpg,5,4
train_ISIC_0028478.jpg,5,5
train_ISIC_0025609.jpg,5,5
train_ISIC_0030480.jpg,5,5
train_ISIC_0033880.jpg,5,5
train_ISIC_0031209.jpg,5,4
train_ISIC_0032664.jpg,5,2
train_ISIC_0032587.jpg,5,4
train_ISIC_0026986.jpg,5,5
train_ISIC_0027426.jpg,5,5
train_ISIC_0031230.jpg,5,5
train_ISIC_0030151.jpg,5,2
train_ISIC_0025772.jpg,5,5
train_ISIC_0031374.jpg,5,4
train_ISIC_0025689.jpg,5,5
train_ISIC_0031736.jpg,5,5
train_ISIC_0027782.jpg,5,5
train_ISIC_0030835.jpg,2,2
train_ISIC_0028104.jpg,2,2
train_ISIC_0031345.jpg,2,3
train_ISIC_0029555.jpg,2,2
train_ISIC_0027811.jpg,2,2
train_ISIC_0033987.jpg,2,2
train_ISIC_0027194.jpg,2,2
train_ISIC_0033410.jpg,2,2
train_ISIC_0034165.jpg,2,4
train_ISIC_0027713.jpg,2,2
train_ISIC_0026249.jpg,2,2
train_ISIC_0029522.jpg,2,2
train_ISIC_0026263.jpg,2,4
train_ISIC_0024435.jpg,2,2
train_ISIC_0030369.jpg,2,2
train_ISIC_0027584.jpg,2,2
train_ISIC_0030661.jpg,2,1
train_ISIC_0025554.jpg,2,4
train_ISIC_0031989.jpg,2,1
train_ISIC_0034007.jpg,2,2
train_ISIC_0028972.jpg,2,2
train_ISIC_0029443.jpg,2,1
train_ISIC_0030522.jpg,2,2
train_ISIC_0033378.jpg,2,3
train_ISIC_0026923.jpg,2,1
train_ISIC_0025928.jpg,2,4
train_ISIC_0034142.jpg,2,2
train_ISIC_0032636.jpg,2,1
train_ISIC_0026783.jpg,2,2
train_ISIC_0031584.jpg,2,2
train_ISIC_0030721.jpg,2,1
train_ISIC_0032863.jpg,2,2
train_ISIC_0031937.jpg,2,2
train_ISIC_0026566.jpg,2,2
train_ISIC_0027991.jpg,2,4
train_ISIC_0032235.jpg,2,2
train_ISIC_0026842.jpg,2,2
train_ISIC_0027680.jpg,2,2
train_ISIC_0028623.jpg,2,2
train_ISIC_0024489.jpg,2,2
train_ISIC_0029301.jpg,2,2
train_ISIC_0031181.jpg,2,1
train_ISIC_0024453.jpg,2,2
train_ISIC_0027996.jpg,2,2
train_ISIC_0029518.jpg,2,2
train_ISIC_0025867.jpg,2,2
train_ISIC_0025627.jpg,2,4
train_ISIC_0031168.jpg,2,1
train_ISIC_0030319.jpg,2,4
train_ISIC_0027192.jpg,2,1
train_ISIC_0026530.jpg,2,2
train_ISIC_0033523.jpg,2,2
train_ISIC_0027392.jpg,2,2
train_ISIC_0028826.jpg,2,2
train_ISIC_0029931.jpg,2,4
train_ISIC_0032876.jpg,2,4
train_ISIC_0028992.jpg,2,2
train_ISIC_0025076.jpg,2,1
train_ISIC_0033305.jpg,2,4
train_ISIC_0028856.jpg,2,2
train_ISIC_0026526.jpg,2,2
train_ISIC_0025337.jpg,2,2
train_ISIC_0026280.jpg,2,2
train_ISIC_0025454.jpg,2,2
train_ISIC_0027320.jpg,2,4
train_ISIC_0028970.jpg,2,2
train_ISIC_0029613.jpg,2,2
train_ISIC_0030465.jpg,2,4
train_ISIC_0025040.jpg,2,5
train_ISIC_0033509.jpg,2,4
train_ISIC_0029101.jpg,2,2
train_ISIC_0029406.jpg,2,1
train_ISIC_0033660.jpg,2,2
train_ISIC_0027162.jpg,2,2
train_ISIC_0031528.jpg,2,2
train_ISIC_0031951.jpg,2,1
train_ISIC_0031226.jpg,2,2
train_ISIC_0028490.jpg,2,2
train_ISIC_0029062.jpg,2,2
train_ISIC_0029425.jpg,2,2
train_ISIC_0029420.jpg,2,2
train_ISIC_0032688.jpg,2,2
train_ISIC_0029789.jpg,2,2
train_ISIC_0030533.jpg,2,2
train_ISIC_0031029.jpg,2,1
train_ISIC_0025642.jpg,2,2
train_ISIC_0033401.jpg,2,0
train_ISIC_0024971.jpg,2,1
train_ISIC_0032124.jpg,2,2
train_ISIC_0024708.jpg,2,5
train_ISIC_0033722.jpg,2,2
train_ISIC_0025485.jpg,2,2
train_ISIC_0032513.jpg,2,2
train_ISIC_0030926.jpg,2,2
train_ISIC_0033041.jpg,2,2
train_ISIC_0030458.jpg,2,1
train_ISIC_0027451.jpg,2,2
train_ISIC_0024761.jpg,2,2
train_ISIC_0032116.jpg,2,2
train_ISIC_0032508.jpg,2,2
train_ISIC_0034235.jpg,2,4
train_ISIC_0027893.jpg,2,2
train_ISIC_0025378.jpg,2,2
train_ISIC_0032654.jpg,2,2
train_ISIC_0029837.jpg,2,2
train_ISIC_0024383.jpg,2,2
train_ISIC_0030241.jpg,2,2
train_ISIC_0031600.jpg,2,0
train_ISIC_0033322.jpg,2,2
train_ISIC_0031691.jpg,2,5
train_ISIC_0026205.jpg,2,2
train_ISIC_0032719.jpg,2,2
train_ISIC_0024915.jpg,2,1
train_ISIC_0031130.jpg,2,2
train_ISIC_0024881.jpg,2,3
train_ISIC_0026219.jpg,2,2
train_ISIC_0031980.jpg,2,2
train_ISIC_0033606.jpg,2,4
train_ISIC_0029596.jpg,2,4
train_ISIC_0033576.jpg,2,2
train_ISIC_0029102.jpg,2,2
train_ISIC_0029080.jpg,2,2
train_ISIC_0027954.jpg,2,5
train_ISIC_0026803.jpg,2,2
train_ISIC_0024909.jpg,2,2
train_ISIC_0027796.jpg,2,2
train_ISIC_0026846.jpg,2,2
train_ISIC_0033482.jpg,2,2
train_ISIC_0025484.jpg,2,2
train_ISIC_0025507.jpg,2,2
train_ISIC_0032358.jpg,2,2
train_ISIC_0026539.jpg,2,2
train_ISIC_0029464.jpg,2,2
train_ISIC_0033613.jpg,2,2
train_ISIC_0033124.jpg,2,2
train_ISIC_0026606.jpg,2,2
train_ISIC_0032013.jpg,2,2
train_ISIC_0028555.jpg,2,4
train_ISIC_0029195.jpg,2,2
train_ISIC_0029126.jpg,2,1
train_ISIC_0025470.jpg,2,2
train_ISIC_0030240.jpg,2,2
train_ISIC_0025099.jpg,2,2
train_ISIC_0031000.jpg,2,1
train_ISIC_0026159.jpg,2,2
train_ISIC_0033900.jpg,2,2
train_ISIC_0025781.jpg,2,1
train_ISIC_0029455.jpg,2,2
train_ISIC_0029588.jpg,2,2
train_ISIC_0034175.jpg,2,2
train_ISIC_0027960.jpg,2,2
train_ISIC_0027428.jpg,2,2
train_ISIC_0025286.jpg,2,2
train_ISIC_0027139.jpg,2,4
train_ISIC_0028749.jpg,2,2
train_ISIC_0029320.jpg,2,2
train_ISIC_0024705.jpg,2,2
train_ISIC_0024422.jpg,2,1
train_ISIC_0033750.jpg,2,2
train_ISIC_0031620.jpg,2,1
train_ISIC_0030436.jpg,2,4
train_ISIC_0030565.jpg,2,2
train_ISIC_0034221.jpg,2,2
train_ISIC_0026072.jpg,2,1
train_ISIC_0029505.jpg,2,2
train_ISIC_0024877.jpg,2,2
train_ISIC_0033601.jpg,2,2
train_ISIC_0031903.jpg,2,2
train_ISIC_0033581.jpg,2,2
train_ISIC_0026631.jpg,2,2
train_ISIC_0027310.jpg,2,2
train_ISIC_0024623.jpg,2,2
train_ISIC_0026637.jpg,2,2
train_ISIC_0027770.jpg,2,2
train_ISIC_0030189.jpg,2,2
train_ISIC_0027463.jpg,2,2
train_ISIC_0026365.jpg,2,2
train_ISIC_0027973.jpg,2,2
train_ISIC_0025387.jpg,2,2
train_ISIC_0031159.jpg,2,2
train_ISIC_0028180.jpg,2,2
train_ISIC_0033884.jpg,2,2
train_ISIC_0028952.jpg,2,2
train_ISIC_0031132.jpg,2,2
train_ISIC_0032283.jpg,2,2
train_ISIC_0030124.jpg,2,2
train_ISIC_0030542.jpg,2,2
train_ISIC_0025842.jpg,2,0
train_ISIC_0030258.jpg,2,2
train_ISIC_0030935.jpg,2,4
train_ISIC_0029202.jpg,2,2
train_ISIC_0033022.jpg,2,2
train_ISIC_0029580.jpg,2,1
train_ISIC_0027275.jpg,2,5
train_ISIC_0033629.jpg,2,4
train_ISIC_0032303.jpg,2,2
train_ISIC_0026704.jpg,2,4
train_ISIC_0032553.jpg,2,4
train_ISIC_0028840.jpg,2,4
train_ISIC_0025529.jpg,2,2
train_ISIC_0028881.jpg,2,4
train_ISIC_0034115.jpg,2,4
train_ISIC_0034168.jpg,2,2
train_ISIC_0029068.jpg,2,1
train_ISIC_0025388.jpg,2,2
train_ISIC_0028473.jpg,2,4
train_ISIC_0028451.jpg,2,2
train_ISIC_0024997.jpg,2,2
train_ISIC_0025804.jpg,2,5
train_ISIC_0028376.jpg,2,2
train_ISIC_0030207.jpg,2,2
train_ISIC_0024910.jpg,2,2
train_ISIC_0026849.jpg,2,1
train_ISIC_0026514.jpg,2,1
train_ISIC_0030137.jpg,2,2
train_ISIC_0025376.jpg,2,2
train_ISIC_0029676.jpg,2,2
train_ISIC_0030394.jpg,2,2
train_ISIC_0026590.jpg,2,2
train_ISIC_0033486.jpg,2,2
train_ISIC_0026523.jpg,2,2
train_ISIC_0031037.jpg,2,2
train_ISIC_0025519.jpg,2,2
train_ISIC_0025330.jpg,2,2
train_ISIC_0032776.jpg,2,2
train_ISIC_0026298.jpg,2,2
train_ISIC_0032481.jpg,2,2
train_ISIC_0033631.jpg,2,2
train_ISIC_0031542.jpg,2,2
train_ISIC_0024412.jpg,2,2
train_ISIC_0027219.jpg,2,2
train_ISIC_0027025.jpg,2,2
train_ISIC_0034040.jpg,2,2
train_ISIC_0030396.jpg,2,2
train_ISIC_0024711.jpg,2,4
train_ISIC_0032514.jpg,2,2
train_ISIC_0025699.jpg,2,2
train_ISIC_0027831.jpg,2,2
train_ISIC_0031893.jpg,2,2
train_ISIC_0031223.jpg,2,2
train_ISIC_0028100.jpg,2,2
train_ISIC_0027068.jpg,2,1
train_ISIC_0024547.jpg,2,2
train_ISIC_0032826.jpg,2,4
train_ISIC_0029576.jpg,2,4
train_ISIC_0030318.jpg,2,2
train_ISIC_0032040.jpg,2,1
train_ISIC_0025659.jpg,2,0
train_ISIC_0033184.jpg,2,2
train_ISIC_0029061.jpg,2,2
train_ISIC_0031495.jpg,2,2
train_ISIC_0033446.jpg,2,2
train_ISIC_0028560.jpg,2,4
train_ISIC_0030365.jpg,2,4
train_ISIC_0024740.jpg,2,2
train_ISIC_0032773.jpg,2,2
train_ISIC_0029217.jpg,2,2
train_ISIC_0027270.jpg,2,2
train_ISIC_0026907.jpg,2,3
train_ISIC_0028223.jpg,2,2
train_ISIC_0034011.jpg,2,1
train_ISIC_0025140.jpg,2,4
train_ISIC_0025180.jpg,2,4
train_ISIC_0029878.jpg,2,4
train_ISIC_0028931.jpg,2,2
train_ISIC_0026861.jpg,2,1
train_ISIC_0034125.jpg,2,2
train_ISIC_0026867.jpg,2,2
train_ISIC_0032099.jpg,2,2
train_ISIC_0027905.jpg,2,2
train_ISIC_0026634.jpg,2,2
train_ISIC_0031761.jpg,2,2
train_ISIC_0031277.jpg,2,2
train_ISIC_0030227.jpg,2,2
train_ISIC_0028830.jpg,2,2
train_ISIC_0030346.jpg,2,2
train_ISIC_0027982.jpg,2,3
train_ISIC_0033056.jpg,2,2
train_ISIC_0030561.jpg,2,2
train_ISIC_0028120.jpg,2,2
train_ISIC_0027801.jpg,2,2
train_ISIC_0030608.jpg,2,2
train_ISIC_0024408.jpg,2,2
train_ISIC_0028611.jpg,2,1
train_ISIC_0025030.jpg,2,0
train_ISIC_0028414.jpg,2,1
train_ISIC_0024726.jpg,2,2
train_ISIC_0028258.jpg,2,2
train_ISIC_0032330.jpg,2,3
train_ISIC_0026481.jpg,2,2
train_ISIC_0027083.jpg,2,2
train_ISIC_0025710.jpg,2,2
train_ISIC_0032271.jpg,2,2
train_ISIC_0032359.jpg,2,2
train_ISIC_0031677.jpg,2,1
train_ISIC_0032170.jpg,2,2
train_ISIC_0031428.jpg,2,4
train_ISIC_0024643.jpg,2,2
train_ISIC_0033490.jpg,2,2
train_ISIC_0030677.jpg,2,3
train_ISIC_0028331.jpg,2,2
train_ISIC_0029603.jpg,2,1
train_ISIC_0025222.jpg,2,2
train_ISIC_0030700.jpg,2,3
train_ISIC_0029991.jpg,2,2
train_ISIC_0032373.jpg,2,2
train_ISIC_0029519.jpg,2,2
train_ISIC_0032445.jpg,2,2
train_ISIC_0030488.jpg,2,4
train_ISIC_0032643.jpg,2,2
train_ISIC_0027367.jpg,2,4
train_ISIC_0026443.jpg,2,2
train_ISIC_0033306.jpg,2,4
train_ISIC_0025876.jpg,2,2
train_ISIC_0026069.jpg,2,2
train_ISIC_0025879.jpg,2,2
train_ISIC_0032128.jpg,2,2
train_ISIC_0024981.jpg,2,5
train_ISIC_0031987.jpg,2,2
train_ISIC_0028701.jpg,2,2
train_ISIC_0031961.jpg,2,0
train_ISIC_0032306.jpg,2,2
train_ISIC_0024672.jpg,2,2
train_ISIC_0029687.jpg,2,2
train_ISIC_0033582.jpg,2,4
train_ISIC_0033284.jpg,2,2
train_ISIC_0026775.jpg,2,2
train_ISIC_0025885.jpg,2,2
train_ISIC_0028389.jpg,2,2
train_ISIC_0033758.jpg,2,2
train_ISIC_0033635.jpg,2,2
train_ISIC_0033855.jpg,2,2
train_ISIC_0030605.jpg,2,4
train_ISIC_0026142.jpg,2,2
train_ISIC_0025777.jpg,2,2
train_ISIC_0033079.jpg,2,4
train_ISIC_0027354.jpg,2,2
train_ISIC_0025016.jpg,2,2
train_ISIC_0033480.jpg,2,2
train_ISIC_0024825.jpg,2,2
train_ISIC_0032325.jpg,2,2
train_ISIC_0029115.jpg,2,1
train_ISIC_0031770.jpg,2,1
train_ISIC_0032315.jpg,2,4
train_ISIC_0028343.jpg,2,2
train_ISIC_0027470.jpg,2,2
train_ISIC_0032804.jpg,2,4
train_ISIC_0031888.jpg,2,2
train_ISIC_0024490.jpg,2,2
train_ISIC_0028622.jpg,2,2
train_ISIC_0030007.jpg,2,2
train_ISIC_0030683.jpg,2,1
train_ISIC_0027504.jpg,2,1
train_ISIC_0029823.jpg,2,2
train_ISIC_0024312.jpg,2,1
train_ISIC_0033169.jpg,2,2
train_ISIC_0025345.jpg,2,2
train_ISIC_0029288.jpg,2,2
train_ISIC_0024495.jpg,2,2
train_ISIC_0028640.jpg,2,2
train_ISIC_0030723.jpg,2,4
train_ISIC_0027202.jpg,2,2
train_ISIC_0027295.jpg,2,2
train_ISIC_0027953.jpg,2,2
train_ISIC_0027344.jpg,2,2
train_ISIC_0032967.jpg,2,4
train_ISIC_0032215.jpg,2,2
train_ISIC_0028822.jpg,2,2
train_ISIC_0029872.jpg,2,2
train_ISIC_0024709.jpg,2,1
train_ISIC_0030160.jpg,2,5
train_ISIC_0032842.jpg,2,2
train_ISIC_0026276.jpg,2,2
train_ISIC_0030965.jpg,2,2
train_ISIC_0026794.jpg,2,2
train_ISIC_0032304.jpg,2,2
train_ISIC_0032778.jpg,2,5
train_ISIC_0032043.jpg,2,2
train_ISIC_0028233.jpg,2,2
train_ISIC_0028237.jpg,2,2
train_ISIC_0030056.jpg,2,2
train_ISIC_0031334.jpg,2,2
train_ISIC_0029022.jpg,2,2
train_ISIC_0027612.jpg,2,3
train_ISIC_0025743.jpg,2,1
train_ISIC_0025326.jpg,2,2
train_ISIC_0033488.jpg,2,4
train_ISIC_0025837.jpg,2,2
train_ISIC_0030026.jpg,2,4
train_ISIC_0026844.jpg,2,2
train_ISIC_0028201.jpg,2,2
train_ISIC_0033264.jpg,2,4
train_ISIC_0024426.jpg,2,2
train_ISIC_0032556.jpg,2,2
train_ISIC_0032835.jpg,2,4
train_ISIC_0032156.jpg,2,2
train_ISIC_0025575.jpg,2,2
train_ISIC_0029418.jpg,2,2
train_ISIC_0024893.jpg,2,4
train_ISIC_0026060.jpg,2,2
train_ISIC_0030976.jpg,2,0
train_ISIC_0027820.jpg,2,2
train_ISIC_0032618.jpg,2,2
train_ISIC_0029251.jpg,2,2
train_ISIC_0033397.jpg,2,2
train_ISIC_0025874.jpg,2,4
train_ISIC_0034283.jpg,2,2
train_ISIC_0024626.jpg,2,2
train_ISIC_0028846.jpg,2,4
train_ISIC_0025906.jpg,2,2
train_ISIC_0026085.jpg,2,4
train_ISIC_0026679.jpg,2,2
train_ISIC_0026835.jpg,2,2
train_ISIC_0027026.jpg,2,1
train_ISIC_0029674.jpg,2,2
train_ISIC_0031362.jpg,2,2
train_ISIC_0034151.jpg,2,2
train_ISIC_0031580.jpg,2,2
train_ISIC_0027326.jpg,2,2
train_ISIC_0024471.jpg,2,0
train_ISIC_0032382.jpg,2,2
train_ISIC_0031150.jpg,2,2
train_ISIC_0032827.jpg,2,4
train_ISIC_0029040.jpg,2,1
train_ISIC_0026262.jpg,2,2
train_ISIC_0031686.jpg,2,2
train_ISIC_0026153.jpg,2,2
train_ISIC_0032103.jpg,2,2
train_ISIC_0026042.jpg,2,2
train_ISIC_0027053.jpg,2,4
train_ISIC_0029032.jpg,2,2
train_ISIC_0031601.jpg,2,5
train_ISIC_0033776.jpg,2,2
train_ISIC_0029213.jpg,2,2
train_ISIC_0026139.jpg,2,2
train_ISIC_0034318.jpg,2,5
train_ISIC_0028336.jpg,2,2
train_ISIC_0031459.jpg,2,2
train_ISIC_0033865.jpg,2,2
train_ISIC_0024880.jpg,2,2
train_ISIC_0027027.jpg,2,5
train_ISIC_0034197.jpg,2,4
train_ISIC_0026265.jpg,2,2
train_ISIC_0032963.jpg,2,2
train_ISIC_0032983.jpg,2,2
train_ISIC_0030706.jpg,2,4
train_ISIC_0030310.jpg,2,2
train_ISIC_0030583.jpg,2,2
train_ISIC_0027419.jpg,2,0
train_ISIC_0032123.jpg,2,2
train_ISIC_0028656.jpg,2,2
train_ISIC_0026623.jpg,2,4
train_ISIC_0030959.jpg,2,2
train_ISIC_0030607.jpg,2,3
train_ISIC_0025209.jpg,2,1
train_ISIC_0034296.jpg,2,2
train_ISIC_0033088.jpg,2,2
train_ISIC_0024741.jpg,2,2
train_ISIC_0033945.jpg,2,2
train_ISIC_0026532.jpg,2,2
train_ISIC_0025374.jpg,2,2
train_ISIC_0029927.jpg,2,2
train_ISIC_0031061.jpg,2,2
train_ISIC_0029793.jpg,2,5
train_ISIC_0033400.jpg,2,2
train_ISIC_0028236.jpg,2,2
train_ISIC_0025465.jpg,2,2
train_ISIC_0025583.jpg,2,2
train_ISIC_0033924.jpg,2,2
train_ISIC_0027094.jpg,2,2
train_ISIC_0033783.jpg,2,4
train_ISIC_0025937.jpg,2,2
train_ISIC_0028681.jpg,2,2
train_ISIC_0025351.jpg,2,4
train_ISIC_0027042.jpg,2,4
train_ISIC_0031522.jpg,2,1
train_ISIC_0027681.jpg,2,2
train_ISIC_0033539.jpg,2,2
train_ISIC_0031624.jpg,2,2
train_ISIC_0028264.jpg,2,1
train_ISIC_0027990.jpg,2,2
train_ISIC_0031808.jpg,2,2
train_ISIC_0025767.jpg,2,2
train_ISIC_0025366.jpg,2,5
train_ISIC_0029031.jpg,2,3
train_ISIC_0031349.jpg,2,2
train_ISIC_0033270.jpg,2,4
train_ISIC_0031329.jpg,2,2
train_ISIC_0028710.jpg,2,2
train_ISIC_0029289.jpg,2,5
train_ISIC_0025856.jpg,2,5
train_ISIC_0029233.jpg,2,2
train_ISIC_0033952.jpg,2,2
train_ISIC_0030329.jpg,2,2
train_ISIC_0029682.jpg,2,4
train_ISIC_0028309.jpg,2,4
train_ISIC_0025434.jpg,2,2
train_ISIC_0031321.jpg,2,1
train_ISIC_0027388.jpg,2,1
train_ISIC_0027754.jpg,2,2
train_ISIC_0033778.jpg,2,2
train_ISIC_0028511.jpg,2,2
train_ISIC_0025719.jpg,2,1
train_ISIC_0029912.jpg,2,2
train_ISIC_0028615.jpg,2,2
train_ISIC_0026728.jpg,2,2
train_ISIC_0031465.jpg,2,2
train_ISIC_0029764.jpg,2,3
train_ISIC_0026553.jpg,2,2
train_ISIC_0027989.jpg,2,2
train_ISIC_0026135.jpg,2,2
train_ISIC_0030173.jpg,2,4
train_ISIC_0029014.jpg,2,2
train_ISIC_0029776.jpg,2,2
train_ISIC_0025033.jpg,2,1
train_ISIC_0025419.jpg,2,5
train_ISIC_0033587.jpg,2,4
train_ISIC_0031853.jpg,2,2
train_ISIC_0033620.jpg,2,2
train_ISIC_0025515.jpg,2,2
train_ISIC_0025984.jpg,2,1
train_ISIC_0027374.jpg,2,2
train_ISIC_0025661.jpg,2,0
train_ISIC_0033913.jpg,2,2
train_ISIC_0028449.jpg,2,2
train_ISIC_0029340.jpg,2,2
train_ISIC_0029329.jpg,2,1
train_ISIC_0033156.jpg,2,2
train_ISIC_0028797.jpg,2,2
train_ISIC_0030203.jpg,2,2
train_ISIC_0028404.jpg,2,1
train_ISIC_0027826.jpg,2,2
train_ISIC_0025083.jpg,2,2
train_ISIC_0029135.jpg,2,2
train_ISIC_0031633.jpg,2,1
train_ISIC_0025136.jpg,2,2
train_ISIC_0026018.jpg,2,2
train_ISIC_0025819.jpg,2,2
train_ISIC_0030789.jpg,2,2
train_ISIC_0026947.jpg,2,2
train_ISIC_0029302.jpg,2,2
train_ISIC_0029270.jpg,2,2
train_ISIC_0027706.jpg,2,2
train_ISIC_0032681.jpg,2,4
train_ISIC_0033677.jpg,2,2
train_ISIC_0033414.jpg,2,2
train_ISIC_0026827.jpg,2,2
train_ISIC_0029683.jpg,2,2
train_ISIC_0024382.jpg,2,2
train_ISIC_0026895.jpg,2,2
train_ISIC_0033583.jpg,2,2
train_ISIC_0028448.jpg,2,1
train_ISIC_0029897.jpg,2,2
train_ISIC_0027828.jpg,2,2
train_ISIC_0028080.jpg,2,2
train_ISIC_0033185.jpg,2,4
train_ISIC_0033252.jpg,2,1
train_ISIC_0032949.jpg,2,2
train_ISIC_0024970.jpg,2,2
train_ISIC_0024592.jpg,2,2
train_ISIC_0024774.jpg,2,2
train_ISIC_0024612.jpg,2,2
train_ISIC_0025312.jpg,2,2
train_ISIC_0027780.jpg,2,2
train_ISIC_0033379.jpg,2,2
train_ISIC_0027559.jpg,2,2
train_ISIC_0024446.jpg,2,2
train_ISIC_0030822.jpg,2,1
train_ISIC_0026967.jpg,2,2
train_ISIC_0029770.jpg,2,2
train_ISIC_0034252.jpg,2,2
train_ISIC_0025851.jpg,2,2
train_ISIC_0032929.jpg,2,2
train_ISIC_0025716.jpg,2,2
train_ISIC_0026576.jpg,2,2
train_ISIC_0031851.jpg,2,2
train_ISIC_0029741.jpg,2,3
train_ISIC_0032675.jpg,2,5
train_ISIC_0032732.jpg,2,2
train_ISIC_0033553.jpg,2,2
train_ISIC_0032843.jpg,2,2
train_ISIC_0025038.jpg,2,2
train_ISIC_0025005.jpg,2,2
train_ISIC_0029358.jpg,2,4
train_ISIC_0025838.jpg,2,4
train_ISIC_0031753.jpg,2,2
train_ISIC_0033910.jpg,2,2
train_ISIC_0028587.jpg,2,2
train_ISIC_0025805.jpg,2,2
train_ISIC_0025068.jpg,2,2
train_ISIC_0033199.jpg,2,2
train_ISIC_0033528.jpg,2,2
train_ISIC_0027437.jpg,2,2
train_ISIC_0033235.jpg,2,2
train_ISIC_0029617.jpg,2,4
train_ISIC_0028254.jpg,2,2
train_ISIC_0033853.jpg,2,2
train_ISIC_0026477.jpg,2,2
train_ISIC_0028123.jpg,2,2
train_ISIC_0027608.jpg,2,2
train_ISIC_0027509.jpg,2,2
train_ISIC_0031783.jpg,2,2
train_ISIC_0029600.jpg,2,2
train_ISIC_0030806.jpg,2,2
train_ISIC_0031967.jpg,2,2
train_ISIC_0028121.jpg,2,2
train_ISIC_0026015.jpg,2,2
train_ISIC_0024943.jpg,2,2
train_ISIC_0029472.jpg,2,2
train_ISIC_0031253.jpg,2,3
train_ISIC_0029527.jpg,2,2
train_ISIC_0025654.jpg,2,2
train_ISIC_0031396.jpg,2,2
train_ISIC_0024839.jpg,2,2
train_ISIC_0024786.jpg,2,2
train_ISIC_0030276.jpg,2,2
train_ISIC_0028876.jpg,2,1
train_ISIC_0028995.jpg,2,5
train_ISIC_0025276.jpg,2,2
train_ISIC_0032534.jpg,2,2
train_ISIC_0028525.jpg,2,3
train_ISIC_0024381.jpg,2,2
train_ISIC_0033449.jpg,2,2
train_ISIC_0026016.jpg,2,2
train_ISIC_0027875.jpg,2,5
train_ISIC_0025548.jpg,2,2
train_ISIC_0033854.jpg,2,2
train_ISIC_0024358.jpg,2,4
train_ISIC_0027513.jpg,2,2
train_ISIC_0024494.jpg,2,2
train_ISIC_0031556.jpg,2,2
train_ISIC_0028662.jpg,2,2
train_ISIC_0024445.jpg,2,2
train_ISIC_0033127.jpg,2,4
train_ISIC_0026524.jpg,2,2
train_ISIC_0032051.jpg,2,2
train_ISIC_0028229.jpg,2,2
train_ISIC_0032111.jpg,2,2
train_ISIC_0031825.jpg,2,2
train_ISIC_0027859.jpg,2,0
train_ISIC_0033716.jpg,2,1
train_ISIC_0031088.jpg,2,5
train_ISIC_0033507.jpg,2,2
train_ISIC_0027806.jpg,2,2
train_ISIC_0029557.jpg,2,2
train_ISIC_0026277.jpg,2,2
train_ISIC_0032365.jpg,2,2
train_ISIC_0032570.jpg,2,2
train_ISIC_0033829.jpg,2,2
train_ISIC_0031464.jpg,2,2
train_ISIC_0026556.jpg,2,2
train_ISIC_0030783.jpg,2,2
train_ISIC_0025758.jpg,2,5
train_ISIC_0024581.jpg,2,2
train_ISIC_0033529.jpg,2,2
train_ISIC_0025075.jpg,2,2
train_ISIC_0032456.jpg,2,4
train_ISIC_0030226.jpg,2,2
train_ISIC_0033307.jpg,2,4
train_ISIC_0032498.jpg,2,2
train_ISIC_0033491.jpg,2,2
train_ISIC_0033791.jpg,2,2
train_ISIC_0025510.jpg,2,2
train_ISIC_0025693.jpg,2,2
train_ISIC_0026959.jpg,2,2
train_ISIC_0025292.jpg,2,2
train_ISIC_0032486.jpg,2,4
train_ISIC_0029206.jpg,2,2
train_ISIC_0033438.jpg,2,2
train_ISIC_0031766.jpg,2,4
train_ISIC_0034291.jpg,2,2
train_ISIC_0027332.jpg,2,5
train_ISIC_0034037.jpg,2,2
train_ISIC_0028977.jpg,2,0
train_ISIC_0027771.jpg,2,2
train_ISIC_0031558.jpg,2,2
train_ISIC_0034024.jpg,2,2
train_ISIC_0028043.jpg,2,2
train_ISIC_0031650.jpg,2,1
train_ISIC_0029568.jpg,2,1
train_ISIC_0024758.jpg,2,2
train_ISIC_0026663.jpg,2,2
train_ISIC_0027533.jpg,2,1
train_ISIC_0028347.jpg,2,4
train_ISIC_0031436.jpg,2,2
train_ISIC_0029166.jpg,2,2
train_ISIC_0031831.jpg,2,2
train_ISIC_0028628.jpg,2,2
train_ISIC_0032395.jpg,2,2
train_ISIC_0024851.jpg,2,4
train_ISIC_0031716.jpg,2,1
train_ISIC_0030636.jpg,2,2
train_ISIC_0027527.jpg,2,2
train_ISIC_0031060.jpg,2,2
train_ISIC_0030095.jpg,2,2
train_ISIC_0032200.jpg,2,4
train_ISIC_0025103.jpg,2,2
train_ISIC_0030988.jpg,2,1
train_ISIC_0027151.jpg,2,2
train_ISIC_0031200.jpg,2,2
train_ISIC_0026335.jpg,2,2
train_ISIC_0033505.jpg,2,4
train_ISIC_0024337.jpg,2,2
train_ISIC_0025063.jpg,2,1
train_ISIC_0033642.jpg,2,2
train_ISIC_0029010.jpg,2,2
train_ISIC_0024409.jpg,2,2
train_ISIC_0026744.jpg,2,1
train_ISIC_0026843.jpg,2,2
train_ISIC_0034303.jpg,2,4
train_ISIC_0030876.jpg,2,0
train_ISIC_0033828.jpg,2,2
train_ISIC_0033732.jpg,2,4
train_ISIC_0025086.jpg,2,4
train_ISIC_0029345.jpg,2,5
train_ISIC_0025746.jpg,2,2
train_ISIC_0029836.jpg,2,1
train_ISIC_0030208.jpg,2,2
train_ISIC_0025131.jpg,2,2
train_ISIC_0029413.jpg,2,4
train_ISIC_0033361.jpg,2,2
train_ISIC_0026291.jpg,2,2
train_ISIC_0024477.jpg,2,1
train_ISIC_0029108.jpg,2,2
train_ISIC_0027018.jpg,2,1
train_ISIC_0032006.jpg,2,2
train_ISIC_0029003.jpg,2,2
train_ISIC_0029678.jpg,2,4
train_ISIC_0031218.jpg,2,2
train_ISIC_0024505.jpg,2,1
train_ISIC_0026538.jpg,2,2
train_ISIC_0031352.jpg,2,2
train_ISIC_0026567.jpg,2,2
train_ISIC_0033212.jpg,2,2
train_ISIC_0031496.jpg,2,3
train_ISIC_0026290.jpg,2,2
train_ISIC_0031537.jpg,2,4
train_ISIC_0029929.jpg,2,2
train_ISIC_0031394.jpg,2,2
train_ISIC_0032348.jpg,2,2
train_ISIC_0030705.jpg,2,2
train_ISIC_0028607.jpg,2,2
train_ISIC_0034280.jpg,2,2
train_ISIC_0025810.jpg,2,2
train_ISIC_0028913.jpg,2,2
train_ISIC_0029612.jpg,2,1
train_ISIC_0029474.jpg,2,2
train_ISIC_0032460.jpg,2,2
train_ISIC_0030067.jpg,2,2
train_ISIC_0029048.jpg,2,2
train_ISIC_0027606.jpg,2,2
train_ISIC_0026378.jpg,2,2
train_ISIC_0029060.jpg,2,2
train_ISIC_0033453.jpg,2,4
train_ISIC_0026675.jpg,2,2
train_ISIC_0029243.jpg,2,2
train_ISIC_0033868.jpg,2,2
train_ISIC_0027737.jpg,2,2
train_ISIC_0024883.jpg,2,5
train_ISIC_0027218.jpg,2,2
train_ISIC_0032335.jpg,2,2
train_ISIC_0026248.jpg,2,2
train_ISIC_0029176.jpg,2,1
train_ISIC_0024773.jpg,2,2
train_ISIC_0026286.jpg,2,2
train_ISIC_0025431.jpg,2,2
train_ISIC_0026790.jpg,2,4
train_ISIC_0027006.jpg,2,2
train_ISIC_0028774.jpg,2,2
train_ISIC_0027957.jpg,2,4
train_ISIC_0028550.jpg,2,1
train_ISIC_0029801.jpg,2,5
train_ISIC_0031511.jpg,2,2
train_ISIC_0025986.jpg,2,2
train_ISIC_0025526.jpg,2,2
train_ISIC_0033200.jpg,2,2
train_ISIC_0026961.jpg,2,2
train_ISIC_0032829.jpg,2,2
train_ISIC_0030088.jpg,2,2
train_ISIC_0027739.jpg,2,2
train_ISIC_0027064.jpg,2,4
train_ISIC_0033195.jpg,2,4
train_ISIC_0033060.jpg,2,5
train_ISIC_0026441.jpg,2,3
train_ISIC_0032045.jpg,2,1
train_ISIC_0027850.jpg,2,1
train_ISIC_0033709.jpg,2,4
train_ISIC_0033130.jpg,2,2
train_ISIC_0025703.jpg,2,2
train_ISIC_0033899.jpg,2,4
train_ISIC_0028479.jpg,2,2
train_ISIC_0030849.jpg,2,2
train_ISIC_0032159.jpg,2,2
train_ISIC_0033761.jpg,2,2
train_ISIC_0029841.jpg,2,1
train_ISIC_0026046.jpg,2,2
train_ISIC_0027435.jpg,2,2
train_ISIC_0026351.jpg,2,2
train_ISIC_0024635.jpg,2,2
train_ISIC_0030731.jpg,2,1
train_ISIC_0027355.jpg,2,2
train_ISIC_0025157.jpg,2,1
train_ISIC_0027154.jpg,2,2
train_ISIC_0026174.jpg,2,2
train_ISIC_0024420.jpg,2,1
train_ISIC_0033280.jpg,2,2
train_ISIC_0033973.jpg,2,2
train_ISIC_0024890.jpg,2,2
train_ISIC_0030383.jpg,2,2
train_ISIC_0029384.jpg,2,2
train_ISIC_0028052.jpg,2,2
train_ISIC_0033460.jpg,2,2
train_ISIC_0033691.jpg,2,2
train_ISIC_0032129.jpg,2,2
train_ISIC_0027017.jpg,2,2
train_ISIC_0024770.jpg,2,2
train_ISIC_0026607.jpg,2,0
train_ISIC_0029113.jpg,2,5
train_ISIC_0032576.jpg,2,2
train_ISIC_0031008.jpg,2,2
train_ISIC_0033246.jpg,2,4
train_ISIC_0027760.jpg,2,2
train_ISIC_0024748.jpg,2,2
train_ISIC_0025567.jpg,2,2
train_ISIC_0027455.jpg,2,4
train_ISIC_0034189.jpg,2,4
train_ISIC_0025973.jpg,2,1
train_ISIC_0029051.jpg,2,2
train_ISIC_0030188.jpg,2,4
train_ISIC_0025297.jpg,2,2
train_ISIC_0029731.jpg,2,2
train_ISIC_0027167.jpg,2,2
train_ISIC_0030105.jpg,2,4
train_ISIC_0031945.jpg,2,4
train_ISIC_0028354.jpg,2,2
train_ISIC_0025066.jpg,2,1
train_ISIC_0034103.jpg,2,1
train_ISIC_0027394.jpg,2,1
train_ISIC_0030744.jpg,2,3
train_ISIC_0027747.jpg,2,2
train_ISIC_0033262.jpg,2,2
train_ISIC_0025199.jpg,2,2
train_ISIC_0028842.jpg,2,2
train_ISIC_0030231.jpg,2,1
train_ISIC_0029107.jpg,2,2
train_ISIC_0032763.jpg,2,2
train_ISIC_0032665.jpg,2,4
train_ISIC_0031050.jpg,2,4
train_ISIC_0026787.jpg,2,4
train_ISIC_0031133.jpg,2,2
train_ISIC_0031577.jpg,2,2
train_ISIC_0031872.jpg,2,2
train_ISIC_0028209.jpg,2,2
train_ISIC_0025753.jpg,2,2
train_ISIC_0031449.jpg,2,2
train_ISIC_0032725.jpg,2,2
train_ISIC_0024850.jpg,2,2
train_ISIC_0030118.jpg,2,2
train_ISIC_0030812.jpg,2,0
train_ISIC_0030316.jpg,2,0
train_ISIC_0034201.jpg,2,2
train_ISIC_0029791.jpg,2,2
train_ISIC_0026958.jpg,2,2
train_ISIC_0034031.jpg,2,2
train_ISIC_0031897.jpg,2,3
train_ISIC_0029427.jpg,2,2
train_ISIC_0024371.jpg,2,2
train_ISIC_0032031.jpg,2,2
train_ISIC_0030005.jpg,2,2
train_ISIC_0027735.jpg,2,2
train_ISIC_0031630.jpg,2,2
train_ISIC_0026409.jpg,2,2
train_ISIC_0028388.jpg,2,1
train_ISIC_0024772.jpg,2,4
train_ISIC_0027649.jpg,2,4
train_ISIC_0061059.jpg,0,0
train_ISIC_0067246.jpg,0,0
train_ISIC_0071609.jpg,0,0
train_ISIC_0062345.jpg,0,0
train_ISIC_0070510.jpg,0,0
train_ISIC_0058593.jpg,0,0
train_ISIC_0072205.jpg,0,0
train_ISIC_0071982.jpg,0,0
train_ISIC_0070243.jpg,0,0
train_ISIC_0058762.jpg,0,0
train_ISIC_0067394.jpg,0,0
train_ISIC_0065955.jpg,0,0
train_ISIC_0063107.jpg,0,0
train_ISIC_0069755.jpg,0,0
train_ISIC_0066452.jpg,0,0
train_ISIC_0071093.jpg,0,0
train_ISIC_0059872.jpg,0,0
train_ISIC_0063320.jpg,0,0
train_ISIC_0069120.jpg,0,0
train_ISIC_0066861.jpg,0,3
train_ISIC_0058939.jpg,0,0
train_ISIC_0029713.jpg,0,1
train_ISIC_0056073.jpg,0,0
train_ISIC_0028820.jpg,0,1
train_ISIC_0055400.jpg,0,0
train_ISIC_0058242.jpg,0,0
train_ISIC_0064063.jpg,0,0
train_ISIC_0031335.jpg,0,0
train_ISIC_0058639.jpg,0,0
train_ISIC_0058325.jpg,0,0
train_ISIC_0068797.jpg,0,0
train_ISIC_0070200.jpg,0,0
train_ISIC_0070232.jpg,0,0
train_ISIC_0029141.jpg,0,2
train_ISIC_0030826.jpg,0,0
train_ISIC_0070379.jpg,0,0
train_ISIC_0056504.jpg,0,0
train_ISIC_0030408.jpg,0,2
train_ISIC_0069269.jpg,0,0
train_ISIC_0027615.jpg,0,1
train_ISIC_0055452.jpg,0,0
train_ISIC_0059800.jpg,0,0
train_ISIC_0071444.jpg,0,0
train_ISIC_0027254.jpg,0,1
train_ISIC_0056302.jpg,0,0
train_ISIC_0062593.jpg,0,0
train_ISIC_0053666.jpg,0,3
train_ISIC_0062351.jpg,0,0
train_ISIC_0065992.jpg,0,0
train_ISIC_0066990.jpg,0,0
train_ISIC_0062706.jpg,0,0
train_ISIC_0067468.jpg,0,0
train_ISIC_0064735.jpg,0,0
train_ISIC_0029500.jpg,0,0
train_ISIC_0061376.jpg,0,0
train_ISIC_0063778.jpg,0,0
train_ISIC_0063175.jpg,0,0
train_ISIC_0058890.jpg,0,0
train_ISIC_0065312.jpg,0,0
train_ISIC_0032404.jpg,0,0
train_ISIC_0065125.jpg,0,0
train_ISIC_0024646.jpg,0,1
train_ISIC_0026575.jpg,0,0
train_ISIC_0031823.jpg,0,0
train_ISIC_0061787.jpg,0,0
train_ISIC_0069194.jpg,0,1
train_ISIC_0066556.jpg,0,0
train_ISIC_0069211.jpg,0,0
train_ISIC_0064789.jpg,0,0
train_ISIC_0070321.jpg,0,0
train_ISIC_0061068.jpg,0,3
train_ISIC_0027580.jpg,0,1
train_ISIC_0054899.jpg,0,2
train_ISIC_0062036.jpg,0,0
train_ISIC_0062622.jpg,0,0
train_ISIC_0055724.jpg,0,0
train_ISIC_0066296.jpg,0,0
train_ISIC_0057987.jpg,0,0
train_ISIC_0055844.jpg,0,0
train_ISIC_0028076.jpg,0,4
train_ISIC_0058506.jpg,0,0
train_ISIC_0070297.jpg,0,0
train_ISIC_0060257.jpg,0,1
train_ISIC_0068419.jpg,0,0
train_ISIC_0066699.jpg,0,0
train_ISIC_0053708.jpg,0,0
train_ISIC_0060522.jpg,0,0
train_ISIC_0054592.jpg,0,0
train_ISIC_0062742.jpg,0,1
train_ISIC_0070999.jpg,0,0
train_ISIC_0060078.jpg,0,0
train_ISIC_0067150.jpg,0,0
train_ISIC_0028314.jpg,0,1
train_ISIC_0027884.jpg,0,0
train_ISIC_0066586.jpg,0,0
train_ISIC_0067632.jpg,0,0
train_ISIC_0060337.jpg,0,0
train_ISIC_0068989.jpg,0,2
train_ISIC_0072716.jpg,0,0
train_ISIC_0068892.jpg,0,0
train_ISIC_0067500.jpg,0,0
train_ISIC_0068879.jpg,0,0
train_ISIC_0032135.jpg,0,0
train_ISIC_0063261.jpg,0,0
train_ISIC_0060357.jpg,0,0
train_ISIC_0064196.jpg,0,4
train_ISIC_0028854.jpg,0,0
train_ISIC_0055838.jpg,0,0
train_ISIC_0064617.jpg,0,1
train_ISIC_0056630.jpg,0,0
train_ISIC_0057387.jpg,0,0
train_ISIC_0069630.jpg,0,0
train_ISIC_0053679.jpg,0,0
train_ISIC_0054271.jpg,0,0
train_ISIC_0059720.jpg,0,0
train_ISIC_0062646.jpg,0,0
train_ISIC_0059182.jpg,0,0
train_ISIC_0065301.jpg,0,0
train_ISIC_0058119.jpg,0,0
train_ISIC_0068522.jpg,0,0
train_ISIC_0066278.jpg,0,0
train_ISIC_0070175.jpg,0,0
train_ISIC_0062024.jpg,0,0
train_ISIC_0073214.jpg,0,0
train_ISIC_0029930.jpg,0,0
train_ISIC_0066142.jpg,0,0
train_ISIC_0026857.jpg,0,1
train_ISIC_0067153.jpg,0,0
train_ISIC_0057042.jpg,0,0
train_ISIC_0059827.jpg,0,0
train_ISIC_0065832.jpg,0,0
train_ISIC_0071953.jpg,0,0
train_ISIC_0054259.jpg,0,1
train_ISIC_0066864.jpg,0,0
train_ISIC_0068845.jpg,0,0
train_ISIC_0070085.jpg,0,4
train_ISIC_0053799.jpg,0,0
train_ISIC_0061044.jpg,0,0
train_ISIC_0062692.jpg,0,0
train_ISIC_0030133.jpg,0,0
train_ISIC_0062611.jpg,0,0
train_ISIC_0068395.jpg,0,0
train_ISIC_0027896.jpg,0,0
train_ISIC_0070922.jpg,0,0
train_ISIC_0027452.jpg,0,1
train_ISIC_0060041.jpg,0,0
train_ISIC_0062426.jpg,0,0
train_ISIC_0026625.jpg,0,0
train_ISIC_0063100.jpg,0,0
train_ISIC_0067266.jpg,0,0
train_ISIC_0024948.jpg,0,1
train_ISIC_0060354.jpg,0,3
train_ISIC_0062586.jpg,0,0
train_ISIC_0061814.jpg,0,0
train_ISIC_0025427.jpg,0,0
train_ISIC_0056159.jpg,0,0
train_ISIC_0072018.jpg,0,0
train_ISIC_0056273.jpg,0,0
train_ISIC_0060807.jpg,0,0
train_ISIC_0061947.jpg,0,0
train_ISIC_0071619.jpg,0,0
train_ISIC_0056643.jpg,0,0
train_ISIC_0065203.jpg,0,0
train_ISIC_0057280.jpg,0,0
train_ISIC_0057706.jpg,0,0
train_ISIC_0063435.jpg,0,0
train_ISIC_0059139.jpg,0,0
train_ISIC_0057077.jpg,0,0
train_ISIC_0032437.jpg,0,4
train_ISIC_0059572.jpg,0,0
train_ISIC_0057477.jpg,0,0
train_ISIC_0068377.jpg,0,0
train_ISIC_0053738.jpg,0,0
train_ISIC_0063674.jpg,0,0
train_ISIC_0058460.jpg,0,0
train_ISIC_0065476.jpg,0,0
train_ISIC_0072107.jpg,0,0
train_ISIC_0066360.jpg,0,0
train_ISIC_0063536.jpg,0,0
train_ISIC_0069916.jpg,0,0
train_ISIC_0057526.jpg,0,4
train_ISIC_0065404.jpg,0,0
train_ISIC_0061968.jpg,0,0
train_ISIC_0059886.jpg,0,0
train_ISIC_0064638.jpg,0,0
train_ISIC_0066973.jpg,0,3
train_ISIC_0066885.jpg,0,0
train_ISIC_0029210.jpg,0,1
train_ISIC_0073035.jpg,0,0
train_ISIC_0070311.jpg,0,0
train_ISIC_0027668.jpg,0,0
train_ISIC_0058967.jpg,0,0
train_ISIC_0067364.jpg,0,0
train_ISIC_0071449.jpg,0,0
train_ISIC_0031922.jpg,0,0
train_ISIC_0056529.jpg,0,0
train_ISIC_0058540.jpg,0,0
train_ISIC_0029133.jpg,0,0
train_ISIC_0054223.jpg,0,0
train_ISIC_0057586.jpg,0,0
train_ISIC_0030825.jpg,0,1
train_ISIC_0072986.jpg,0,0
train_ISIC_0032422.jpg,0,0
train_ISIC_0072932.jpg,0,3
train_ISIC_0058994.jpg,0,0
train_ISIC_0054598.jpg,0,0
train_ISIC_0057449.jpg,0,0
train_ISIC_0054634.jpg,0,0
train_ISIC_0068092.jpg,0,0
train_ISIC_0028190.jpg,0,3
train_ISIC_0056867.jpg,0,0
train_ISIC_0033866.jpg,0,0
train_ISIC_0024763.jpg,0,0
train_ISIC_0063335.jpg,0,0
train_ISIC_0063878.jpg,0,0
train_ISIC_0054878.jpg,0,0
train_ISIC_0072572.jpg,0,0
train_ISIC_0030036.jpg,0,1
train_ISIC_0056773.jpg,0,1
train_ISIC_0027562.jpg,0,0
train_ISIC_0067855.jpg,0,0
train_ISIC_0065861.jpg,0,0
train_ISIC_0067728.jpg,0,0
train_ISIC_0055689.jpg,0,0
train_ISIC_0069043.jpg,0,0
train_ISIC_0057778.jpg,0,0
train_ISIC_0029840.jpg,0,0
train_ISIC_0066315.jpg,0,0
train_ISIC_0069869.jpg,0,0
train_ISIC_0069027.jpg,0,0
train_ISIC_0062641.jpg,0,0
train_ISIC_0055809.jpg,0,0
train_ISIC_0064330.jpg,0,0
train_ISIC_0072847.jpg,0,0
train_ISIC_0069769.jpg,0,0
train_ISIC_0065612.jpg,0,0
train_ISIC_0028370.jpg,0,0
train_ISIC_0062408.jpg,0,0
train_ISIC_0061410.jpg,0,0
train_ISIC_0068546.jpg,0,0
train_ISIC_0067755.jpg,0,0
train_ISIC_0071440.jpg,0,0
train_ISIC_0069125.jpg,0,0
train_ISIC_0059709.jpg,0,0
train_ISIC_0061247.jpg,0,0
train_ISIC_0026626.jpg,0,2
train_ISIC_0065329.jpg,0,0
train_ISIC_0069483.jpg,0,0
train_ISIC_0056421.jpg,0,0
train_ISIC_0057135.jpg,0,0
train_ISIC_0069282.jpg,0,3
train_ISIC_0068607.jpg,0,1
train_ISIC_0069772.jpg,0,0
train_ISIC_0056128.jpg,0,0
train_ISIC_0057431.jpg,0,0
train_ISIC_0063798.jpg,0,0
train_ISIC_0066370.jpg,0,0
train_ISIC_0054272.jpg,0,0
train_ISIC_0055331.jpg,0,0
train_ISIC_0068885.jpg,0,0
train_ISIC_0058273.jpg,0,0
train_ISIC_0067304.jpg,0,0
train_ISIC_0031381.jpg,0,0
train_ISIC_0063187.jpg,0,0
train_ISIC_0031040.jpg,0,0
train_ISIC_0062116.jpg,0,1
train_ISIC_0062123.jpg,0,0
train_ISIC_0064222.jpg,0,0
train_ISIC_0070462.jpg,0,0
train_ISIC_0056176.jpg,0,0
train_ISIC_0061464.jpg,0,0
train_ISIC_0065150.jpg,0,2
train_ISIC_0060480.jpg,0,0
train_ISIC_0056016.jpg,0,0
train_ISIC_0059540.jpg,0,0
train_ISIC_0027958.jpg,0,0
train_ISIC_0073045.jpg,0,0
train_ISIC_0055732.jpg,0,0
train_ISIC_0054666.jpg,0,0
train_ISIC_0055686.jpg,0,0
train_ISIC_0065450.jpg,0,0
train_ISIC_0026194.jpg,0,0
train_ISIC_0066306.jpg,0,3
train_ISIC_0026650.jpg,0,0
train_ISIC_0033705.jpg,0,0
train_ISIC_0067592.jpg,0,0
train_ISIC_0068973.jpg,0,0
train_ISIC_0061385.jpg,0,0
train_ISIC_0029025.jpg,0,0
train_ISIC_0067698.jpg,0,0
train_ISIC_0066913.jpg,0,0
train_ISIC_0058427.jpg,0,0
train_ISIC_0065880.jpg,0,0
train_ISIC_0059198.jpg,0,0
train_ISIC_0061365.jpg,0,0
train_ISIC_0057351.jpg,0,0
train_ISIC_0026729.jpg,0,0
train_ISIC_0065078.jpg,0,0
train_ISIC_0072741.jpg,0,0
train_ISIC_0070754.jpg,0,0
train_ISIC_0071946.jpg,0,0
train_ISIC_0028393.jpg,0,0
train_ISIC_0055176.jpg,0,0
train_ISIC_0053595.jpg,0,0
train_ISIC_0030142.jpg,0,4
train_ISIC_0066762.jpg,0,2
train_ISIC_0029915.jpg,0,1
train_ISIC_0054531.jpg,0,0
train_ISIC_0064690.jpg,0,0
train_ISIC_0067425.jpg,0,0
train_ISIC_0065495.jpg,0,0
train_ISIC_0060775.jpg,0,0
train_ISIC_0055908.jpg,0,0
train_ISIC_0060136.jpg,0,0
train_ISIC_0064796.jpg,0,0
train_ISIC_0072307.jpg,0,0
train_ISIC_0058431.jpg,0,0
train_ISIC_0068653.jpg,0,0
train_ISIC_0064067.jpg,0,0
train_ISIC_0027334.jpg,0,0
train_ISIC_0062508.jpg,0,0
train_ISIC_0053515.jpg,0,0
train_ISIC_0053736.jpg,0,0
train_ISIC_0057943.jpg,0,0
train_ISIC_0070143.jpg,0,0
train_ISIC_0069544.jpg,0,0
train_ISIC_0069384.jpg,0,0
train_ISIC_0030877.jpg,0,0
train_ISIC_0055977.jpg,0,0
train_ISIC_0061730.jpg,0,0
train_ISIC_0059360.jpg,0,0
train_ISIC_0054209.jpg,0,0
train_ISIC_0061582.jpg,0,0
train_ISIC_0033358.jpg,0,0
train_ISIC_0066466.jpg,0,0
train_ISIC_0072584.jpg,0,0
train_ISIC_0070895.jpg,0,1
train_ISIC_0060098.jpg,0,0
train_ISIC_0065538.jpg,0,0
train_ISIC_0067887.jpg,0,0
train_ISIC_0058971.jpg,0,0
train_ISIC_0024800.jpg,0,4
train_ISIC_0054181.jpg,0,0
train_ISIC_0056613.jpg,0,0
train_ISIC_0058320.jpg,0,0
train_ISIC_0066272.jpg,0,0
train_ISIC_0058598.jpg,0,0
train_ISIC_0026709.jpg,0,0
train_ISIC_0069460.jpg,0,0
train_ISIC_0053764.jpg,0,4
train_ISIC_0070486.jpg,0,4
train_ISIC_0070260.jpg,0,0
train_ISIC_0025368.jpg,0,1
train_ISIC_0032854.jpg,0,0
train_ISIC_0059759.jpg,0,0
train_ISIC_0073130.jpg,0,0
train_ISIC_0060116.jpg,0,0
train_ISIC_0064959.jpg,0,0
train_ISIC_0054556.jpg,0,0
train_ISIC_0068507.jpg,0,2
train_ISIC_0062159.jpg,0,0
train_ISIC_0029900.jpg,0,0
train_ISIC_0058404.jpg,0,0
train_ISIC_0024468.jpg,0,0
train_ISIC_0054433.jpg,0,2
train_ISIC_0065052.jpg,0,0
train_ISIC_0024470.jpg,0,2
train_ISIC_0057052.jpg,0,0
train_ISIC_0061154.jpg,0,0
train_ISIC_0026702.jpg,0,0
train_ISIC_0068325.jpg,0,0
train_ISIC_0062971.jpg,0,0
train_ISIC_0026905.jpg,0,0
train_ISIC_0054333.jpg,0,0
train_ISIC_0066785.jpg,0,0
train_ISIC_0054594.jpg,0,0
train_ISIC_0053826.jpg,0,0
train_ISIC_0062346.jpg,0,0
train_ISIC_0063038.jpg,0,0
train_ISIC_0067450.jpg,0,0
train_ISIC_0056037.jpg,0,0
train_ISIC_0058459.jpg,0,0
train_ISIC_0068995.jpg,0,0
train_ISIC_0066391.jpg,0,0
train_ISIC_0072646.jpg,0,0
train_ISIC_0053944.jpg,0,0
train_ISIC_0031506.jpg,0,2
train_ISIC_0061294.jpg,0,0
train_ISIC_0057225.jpg,0,0
train_ISIC_0071108.jpg,0,0
train_ISIC_0056904.jpg,0,0
train_ISIC_0062738.jpg,0,1
train_ISIC_0069289.jpg,0,0
train_ISIC_0033494.jpg,0,0
train_ISIC_0056520.jpg,0,0
train_ISIC_0067297.jpg,0,0
train_ISIC_0025825.jpg,0,1
train_ISIC_0068370.jpg,0,0
train_ISIC_0068571.jpg,0,0
train_ISIC_0059874.jpg,0,0
train_ISIC_0067078.jpg,0,0
train_ISIC_0067377.jpg,0,0
train_ISIC_0066546.jpg,0,0
train_ISIC_0061967.jpg,0,0
train_ISIC_0058951.jpg,0,0
train_ISIC_0053749.jpg,0,0
train_ISIC_0071007.jpg,0,1
train_ISIC_0066082.jpg,0,0
train_ISIC_0057575.jpg,0,0
train_ISIC_0055250.jpg,0,0
train_ISIC_0053892.jpg,0,0
train_ISIC_0026149.jpg,0,0
train_ISIC_0059799.jpg,0,0
train_ISIC_0071690.jpg,0,0
train_ISIC_0058756.jpg,0,0
train_ISIC_0058924.jpg,0,0
train_ISIC_0071417.jpg,0,0
train_ISIC_0054687.jpg,0,0
train_ISIC_0066819.jpg,0,0
train_ISIC_0062814.jpg,0,0
train_ISIC_0073068.jpg,0,0
train_ISIC_0072038.jpg,0,0
train_ISIC_0030463.jpg,0,0
train_ISIC_0055609.jpg,0,0
train_ISIC_0062184.jpg,0,0
train_ISIC_0029830.jpg,0,0
train_ISIC_0068014.jpg,0,0
train_ISIC_0031609.jpg,0,0
train_ISIC_0060230.jpg,0,0
train_ISIC_0024654.jpg,0,2
train_ISIC_0059146.jpg,0,0
train_ISIC_0024913.jpg,0,0
train_ISIC_0058884.jpg,0,0
train_ISIC_0066507.jpg,0,1
train_ISIC_0055639.jpg,0,0
train_ISIC_0029041.jpg,0,1
train_ISIC_0058153.jpg,0,0
train_ISIC_0065306.jpg,0,0
train_ISIC_0056071.jpg,0,0
train_ISIC_0058324.jpg,0,0
train_ISIC_0072788.jpg,0,0
train_ISIC_0072830.jpg,0,6
train_ISIC_0068360.jpg,0,0
train_ISIC_0068812.jpg,0,0
train_ISIC_0063573.jpg,0,4
train_ISIC_0059032.jpg,0,0
train_ISIC_0073157.jpg,0,0
train_ISIC_0063890.jpg,0,0
train_ISIC_0065120.jpg,0,0
train_ISIC_0064624.jpg,0,0
train_ISIC_0029659.jpg,0,0
train_ISIC_0070195.jpg,0,0
train_ISIC_0067314.jpg,0,0
train_ISIC_0067570.jpg,0,0
train_ISIC_0055989.jpg,0,0
train_ISIC_0026765.jpg,0,1
train_ISIC_0072854.jpg,0,0
train_ISIC_0071423.jpg,0,0
train_ISIC_0031993.jpg,0,0
train_ISIC_0071490.jpg,0,0
train_ISIC_0030242.jpg,0,0
train_ISIC_0054921.jpg,0,0
train_ISIC_0054178.jpg,0,0
train_ISIC_0071020.jpg,0,1
train_ISIC_0031228.jpg,0,0
train_ISIC_0062255.jpg,0,0
train_ISIC_0071339.jpg,0,0
train_ISIC_0068722.jpg,0,0
train_ISIC_0055889.jpg,0,0
train_ISIC_0059058.jpg,0,0
train_ISIC_0056724.jpg,0,0
train_ISIC_0067100.jpg,0,0
train_ISIC_0061588.jpg,0,0
train_ISIC_0061331.jpg,0,0
train_ISIC_0068086.jpg,0,0
train_ISIC_0058769.jpg,0,0
train_ISIC_0024707.jpg,0,2
train_ISIC_0071711.jpg,0,0
train_ISIC_0071320.jpg,0,0
train_ISIC_0070505.jpg,0,0
train_ISIC_0060593.jpg,0,0
train_ISIC_0072364.jpg,0,0
train_ISIC_0064969.jpg,0,0
train_ISIC_0063359.jpg,0,0
train_ISIC_0029309.jpg,0,0
train_ISIC_0062953.jpg,0,0
train_ISIC_0054137.jpg,0,0
train_ISIC_0057806.jpg,0,0
train_ISIC_0070499.jpg,0,0
train_ISIC_0060235.jpg,0,0
train_ISIC_0072676.jpg,0,0
train_ISIC_0067604.jpg,0,0
train_ISIC_0058163.jpg,0,0
train_ISIC_0063287.jpg,0,0
train_ISIC_0062741.jpg,0,0
train_ISIC_0072861.jpg,0,0
train_ISIC_0028517.jpg,0,0
train_ISIC_0062940.jpg,0,0
train_ISIC_0061039.jpg,0,0
train_ISIC_0063588.jpg,0,0
train_ISIC_0073224.jpg,0,0
train_ISIC_0071889.jpg,0,0
train_ISIC_0060814.jpg,0,0
train_ISIC_0070713.jpg,0,0
train_ISIC_0030730.jpg,0,1
train_ISIC_0059561.jpg,0,0
train_ISIC_0058379.jpg,0,0
train_ISIC_0026040.jpg,0,1
train_ISIC_0065628.jpg,0,0
train_ISIC_0032206.jpg,0,1
train_ISIC_0057638.jpg,0,0
train_ISIC_0071779.jpg,0,0
train_ISIC_0070877.jpg,0,0
train_ISIC_0063052.jpg,0,0
train_ISIC_0072169.jpg,0,0
train_ISIC_0057040.jpg,0,0
train_ISIC_0069925.jpg,0,0
train_ISIC_0032199.jpg,0,0
train_ISIC_0071605.jpg,0,3
train_ISIC_0065169.jpg,0,0
train_ISIC_0063019.jpg,0,0
train_ISIC_0060157.jpg,0,0
train_ISIC_0067204.jpg,0,0
train_ISIC_0057051.jpg,0,0
train_ISIC_0070484.jpg,0,0
train_ISIC_0060810.jpg,0,0
train_ISIC_0026525.jpg,0,0
train_ISIC_0059250.jpg,0,0
train_ISIC_0071313.jpg,0,0
train_ISIC_0060670.jpg,0,0
train_ISIC_0071500.jpg,0,0
train_ISIC_0063322.jpg,0,0
train_ISIC_0061667.jpg,0,0
train_ISIC_0054533.jpg,0,0
train_ISIC_0031292.jpg,0,1
train_ISIC_0058452.jpg,0,0
train_ISIC_0065952.jpg,0,0
train_ISIC_0055273.jpg,0,0
train_ISIC_0057022.jpg,0,0
train_ISIC_0069614.jpg,0,0
train_ISIC_0026171.jpg,0,0
train_ISIC_0027802.jpg,0,0
train_ISIC_0064490.jpg,0,0
train_ISIC_0058864.jpg,0,0
train_ISIC_0069719.jpg,0,0
train_ISIC_0059985.jpg,0,0
train_ISIC_0059843.jpg,0,0
train_ISIC_0067647.jpg,0,0
train_ISIC_0067180.jpg,0,0
train_ISIC_0059211.jpg,0,0
train_ISIC_0057038.jpg,0,0
train_ISIC_0054081.jpg,0,0
train_ISIC_0067676.jpg,0,0
train_ISIC_0064262.jpg,0,0
train_ISIC_0063068.jpg,0,0
train_ISIC_0059852.jpg,0,0
train_ISIC_0063712.jpg,0,0
train_ISIC_0060273.jpg,0,0
train_ISIC_0054635.jpg,0,0
train_ISIC_0029460.jpg,0,1
train_ISIC_0054127.jpg,0,0
train_ISIC_0057126.jpg,0,0
train_ISIC_0058653.jpg,0,0
train_ISIC_0056745.jpg,0,0
train_ISIC_0054583.jpg,0,0
train_ISIC_0057739.jpg,0,0
train_ISIC_0067113.jpg,0,0
train_ISIC_0063122.jpg,0,0
train_ISIC_0054805.jpg,0,0
train_ISIC_0061298.jpg,0,0
train_ISIC_0030143.jpg,0,1
train_ISIC_0055596.jpg,0,0
train_ISIC_0065070.jpg,0,0
train_ISIC_0068175.jpg,0,0
train_ISIC_0058983.jpg,0,0
train_ISIC_0058192.jpg,0,0
train_ISIC_0057847.jpg,0,0
train_ISIC_0065095.jpg,0,0
train_ISIC_0068977.jpg,0,0
train_ISIC_0070014.jpg,0,0
train_ISIC_0066786.jpg,0,0
train_ISIC_0060776.jpg,0,0
train_ISIC_0061170.jpg,0,1
train_ISIC_0062830.jpg,0,0
train_ISIC_0065741.jpg,0,0
train_ISIC_0066988.jpg,0,0
train_ISIC_0065633.jpg,0,0
train_ISIC_0060546.jpg,0,0
train_ISIC_0056004.jpg,0,0
train_ISIC_0063178.jpg,0,0
train_ISIC_0067432.jpg,0,0
train_ISIC_0058103.jpg,0,0
train_ISIC_0062877.jpg,0,0
train_ISIC_0031108.jpg,0,0
train_ISIC_0069685.jpg,0,0
train_ISIC_0054432.jpg,0,1
train_ISIC_0061285.jpg,0,0
train_ISIC_0073153.jpg,0,0
train_ISIC_0056166.jpg,0,0
train_ISIC_0062608.jpg,0,0
train_ISIC_0057740.jpg,0,0
train_ISIC_0026848.jpg,0,0
train_ISIC_0064811.jpg,0,0
train_ISIC_0027536.jpg,0,1
train_ISIC_0053688.jpg,0,0
train_ISIC_0058239.jpg,0,0
train_ISIC_0053664.jpg,0,0
train_ISIC_0024511.jpg,0,1
train_ISIC_0055259.jpg,0,0
train_ISIC_0064022.jpg,0,0
train_ISIC_0060269.jpg,0,1
train_ISIC_0025957.jpg,0,1
train_ISIC_0030344.jpg,0,1
train_ISIC_0065611.jpg,0,0
train_ISIC_0058494.jpg,0,0
train_ISIC_0026457.jpg,0,4
train_ISIC_0059372.jpg,0,3
train_ISIC_0064583.jpg,0,0
train_ISIC_0057437.jpg,0,0
train_ISIC_0057357.jpg,0,0
train_ISIC_0069518.jpg,0,0
train_ISIC_0063331.jpg,0,0
train_ISIC_0071762.jpg,0,0
train_ISIC_0071213.jpg,0,0
train_ISIC_0066825.jpg,0,0
train_ISIC_0026212.jpg,0,0
train_ISIC_0025992.jpg,0,0
train_ISIC_0063045.jpg,0,0
train_ISIC_0059408.jpg,0,0
train_ISIC_0065470.jpg,0,0
train_ISIC_0070737.jpg,0,0
train_ISIC_0053506.jpg,0,0
train_ISIC_0072652.jpg,0,0
train_ISIC_0069818.jpg,0,0
train_ISIC_0070116.jpg,0,0
train_ISIC_0063883.jpg,0,0
train_ISIC_0060207.jpg,0,0
train_ISIC_0056278.jpg,0,0
train_ISIC_0070302.jpg,0,1
train_ISIC_0033811.jpg,0,2
train_ISIC_0068072.jpg,0,1
train_ISIC_0029827.jpg,0,1
train_ISIC_0063577.jpg,0,0
train_ISIC_0066006.jpg,0,0
train_ISIC_0058776.jpg,0,0
train_ISIC_0053950.jpg,0,0
train_ISIC_0067490.jpg,0,0
train_ISIC_0057455.jpg,0,0
train_ISIC_0057110.jpg,0,0
train_ISIC_0057679.jpg,0,0
train_ISIC_0057157.jpg,0,0
train_ISIC_0072814.jpg,0,0
train_ISIC_0027447.jpg,0,0
train_ISIC_0069906.jpg,0,2
train_ISIC_0062212.jpg,0,0
train_ISIC_0028928.jpg,1,1
train_ISIC_0027120.jpg,1,1
train_ISIC_0029515.jpg,1,1
train_ISIC_0030594.jpg,1,1
train_ISIC_0031651.jpg,1,1
train_ISIC_0031263.jpg,1,6
train_ISIC_0025509.jpg,1,1
train_ISIC_0032307.jpg,1,1
train_ISIC_0028542.jpg,1,1
train_ISIC_0024448.jpg,1,1
train_ISIC_0033579.jpg,1,1
train_ISIC_0025019.jpg,1,1
train_ISIC_0027631.jpg,1,1
train_ISIC_0030261.jpg,1,1
train_ISIC_0031789.jpg,1,1
train_ISIC_0026091.jpg,1,1
train_ISIC_0030782.jpg,1,1
train_ISIC_0033372.jpg,1,1
train_ISIC_0032061.jpg,1,1
train_ISIC_0032850.jpg,1,1
train_ISIC_0029779.jpg,1,1
train_ISIC_0024332.jpg,1,1
train_ISIC_0024595.jpg,1,1
train_ISIC_0031597.jpg,1,2
train_ISIC_0027976.jpg,1,1
train_ISIC_0034123.jpg,1,1
train_ISIC_0027704.jpg,1,1
train_ISIC_0032536.jpg,1,1
train_ISIC_0030352.jpg,1,1
train_ISIC_0028486.jpg,1,1
train_ISIC_0026090.jpg,1,1
train_ISIC_0030096.jpg,1,1
train_ISIC_0031925.jpg,1,1
train_ISIC_0029337.jpg,1,1
train_ISIC_0026156.jpg,1,1
train_ISIC_0026192.jpg,1,1
train_ISIC_0031266.jpg,1,1
train_ISIC_0032290.jpg,1,1
train_ISIC_0031284.jpg,1,1
train_ISIC_0030813.jpg,1,1
train_ISIC_0029342.jpg,1,1
train_ISIC_0025513.jpg,1,1
train_ISIC_0030446.jpg,1,1
train_ISIC_0029745.jpg,1,1
train_ISIC_0030403.jpg,1,1
train_ISIC_0027545.jpg,1,1
train_ISIC_0034161.jpg,1,1
train_ISIC_0031063.jpg,1,1
train_ISIC_0024665.jpg,1,1
train_ISIC_0030766.jpg,1,1
train_ISIC_0032132.jpg,1,1
train_ISIC_0027675.jpg,1,1
train_ISIC_0026952.jpg,1,1
train_ISIC_0029201.jpg,1,1
train_ISIC_0030349.jpg,1,3
train_ISIC_0032461.jpg,1,1
train_ISIC_0024833.jpg,1,1
train_ISIC_0033551.jpg,1,1
train_ISIC_0028818.jpg,1,1
train_ISIC_0024829.jpg,1,1
train_ISIC_0027365.jpg,1,1
train_ISIC_0033499.jpg,1,1
train_ISIC_0030514.jpg,1,1
train_ISIC_0025322.jpg,1,1
train_ISIC_0032439.jpg,1,2
train_ISIC_0026439.jpg,1,1
train_ISIC_0025650.jpg,1,1
train_ISIC_0030145.jpg,1,1
train_ISIC_0029539.jpg,1,1
train_ISIC_0033257.jpg,1,1
train_ISIC_0033203.jpg,1,1
train_ISIC_0026798.jpg,1,1
train_ISIC_0026321.jpg,1,1
train_ISIC_0031513.jpg,1,1
train_ISIC_0026831.jpg,1,1
train_ISIC_0031095.jpg,1,1
train_ISIC_0025260.jpg,1,1
train_ISIC_0027337.jpg,1,1
train_ISIC_0028980.jpg,1,1
train_ISIC_0026716.jpg,1,1
train_ISIC_0030339.jpg,1,1
train_ISIC_0033666.jpg,1,1
train_ISIC_0031526.jpg,1,1
train_ISIC_0032164.jpg,1,1
train_ISIC_0025144.jpg,1,1
train_ISIC_0026855.jpg,1,1
train_ISIC_0032185.jpg,1,1
train_ISIC_0032429.jpg,1,1
train_ISIC_0032482.jpg,1,1
train_ISIC_0027744.jpg,1,1
train_ISIC_0031836.jpg,1,1
train_ISIC_0029669.jpg,1,1
train_ISIC_0029083.jpg,1,1
train_ISIC_0032808.jpg,1,1
train_ISIC_0030964.jpg,1,1
train_ISIC_0031407.jpg,1,0
train_ISIC_0027865.jpg,1,3
train_ISIC_0025433.jpg,1,1
train_ISIC_0030755.jpg,1,1
train_ISIC_0028719.jpg,1,1
train_ISIC_0028457.jpg,1,1
train_ISIC_0029899.jpg,1,1
train_ISIC_0030712.jpg,1,1
train_ISIC_0027004.jpg,1,1
train_ISIC_0026978.jpg,1,1
train_ISIC_0031154.jpg,1,1
train_ISIC_0028122.jpg,1,1
train_ISIC_0033720.jpg,1,1
train_ISIC_0027046.jpg,1,1
train_ISIC_0026656.jpg,1,1
train_ISIC_0028989.jpg,1,1
train_ISIC_0033020.jpg,1,1
train_ISIC_0034143.jpg,1,2
train_ISIC_0029053.jpg,1,1
train_ISIC_0024799.jpg,1,1
train_ISIC_0029193.jpg,1,1
train_ISIC_0024885.jpg,1,1
train_ISIC_0029123.jpg,1,1
train_ISIC_0031762.jpg,1,1
train_ISIC_0033575.jpg,1,1
train_ISIC_0032497.jpg,1,2
train_ISIC_0028323.jpg,1,1
train_ISIC_0028085.jpg,1,1
train_ISIC_0029755.jpg,1,1
train_ISIC_0032652.jpg,1,1
train_ISIC_0024550.jpg,1,1
train_ISIC_0029847.jpg,1,1
train_ISIC_0028350.jpg,1,1
train_ISIC_0029747.jpg,1,1
train_ISIC_0026433.jpg,1,1
train_ISIC_0024897.jpg,1,1
train_ISIC_0024931.jpg,1,1
train_ISIC_0033001.jpg,1,1
train_ISIC_0028877.jpg,1,1
train_ISIC_0031470.jpg,1,1
train_ISIC_0026282.jpg,1,3
train_ISIC_0032225.jpg,1,1
train_ISIC_0026056.jpg,1,1
train_ISIC_0028095.jpg,1,1
train_ISIC_0031442.jpg,1,4
train_ISIC_0028688.jpg,1,1
train_ISIC_0024452.jpg,1,1
train_ISIC_0034026.jpg,1,1
train_ISIC_0029805.jpg,1,1
train_ISIC_0026574.jpg,1,1
train_ISIC_0030574.jpg,1,1
train_ISIC_0025362.jpg,1,2
train_ISIC_0030197.jpg,1,1
train_ISIC_0031489.jpg,1,1
train_ISIC_0029951.jpg,1,3
train_ISIC_0026074.jpg,1,1
train_ISIC_0029220.jpg,1,1
train_ISIC_0031824.jpg,1,1
train_ISIC_0030767.jpg,1,1
train_ISIC_0029644.jpg,1,1
train_ISIC_0024673.jpg,1,1
train_ISIC_0031976.jpg,1,4
train_ISIC_0026968.jpg,1,1
train_ISIC_0032314.jpg,1,1
train_ISIC_0028035.jpg,1,1
train_ISIC_0032777.jpg,1,1
train_ISIC_0027609.jpg,1,1
train_ISIC_0032139.jpg,1,1
train_ISIC_0031450.jpg,1,1
train_ISIC_0024634.jpg,1,1
train_ISIC_0031166.jpg,1,1
train_ISIC_0026442.jpg,1,1
train_ISIC_0030230.jpg,1,1
train_ISIC_0025046.jpg,1,1
train_ISIC_0031057.jpg,1,1
train_ISIC_0025102.jpg,1,1
train_ISIC_0027526.jpg,1,1
train_ISIC_0029919.jpg,1,1
train_ISIC_0026118.jpg,1,1
train_ISIC_0026829.jpg,1,1
train_ISIC_0033218.jpg,1,1
train_ISIC_0025467.jpg,1,1
train_ISIC_0027058.jpg,1,1
train_ISIC_0030177.jpg,1,1
train_ISIC_0029034.jpg,1,4
train_ISIC_0028890.jpg,1,1
train_ISIC_0027915.jpg,1,1
train_ISIC_0028937.jpg,1,1
train_ISIC_0026453.jpg,1,1
train_ISIC_0029352.jpg,1,1
train_ISIC_0030452.jpg,1,2
train_ISIC_0027175.jpg,1,1
train_ISIC_0029831.jpg,1,1
train_ISIC_0033483.jpg,1,1
train_ISIC_0029392.jpg,1,3
train_ISIC_0032384.jpg,1,1
train_ISIC_0033468.jpg,1,4
train_ISIC_0030233.jpg,1,4
train_ISIC_0031531.jpg,1,1
train_ISIC_0030181.jpg,1,1
train_ISIC_0032246.jpg,1,1
train_ISIC_0026865.jpg,1,1
train_ISIC_0024454.jpg,1,1
train_ISIC_0031351.jpg,1,1
train_ISIC_0026940.jpg,1,3
train_ISIC_0024504.jpg,1,1
train_ISIC_0025630.jpg,1,1
train_ISIC_0034095.jpg,1,1
train_ISIC_0026528.jpg,1,3
train_ISIC_0027531.jpg,1,0
train_ISIC_0032768.jpg,1,1
train_ISIC_0032991.jpg,1,1
train_ISIC_0032906.jpg,1,1
train_ISIC_0034119.jpg,1,1
train_ISIC_0026230.jpg,1,5
train_ISIC_0031175.jpg,1,1
train_ISIC_0025700.jpg,1,1
train_ISIC_0031413.jpg,1,1
train_ISIC_0025731.jpg,1,1
train_ISIC_0029129.jpg,1,1
train_ISIC_0024457.jpg,1,1
train_ISIC_0032799.jpg,1,1
train_ISIC_0025266.jpg,1,1
train_ISIC_0026395.jpg,1,1
train_ISIC_0031294.jpg,1,1
train_ISIC_0032146.jpg,1,1
train_ISIC_0027601.jpg,1,1
train_ISIC_0031026.jpg,1,1
train_ISIC_0027966.jpg,1,1
train_ISIC_0030528.jpg,1,1
train_ISIC_0029278.jpg,1,1
train_ISIC_0031614.jpg,1,2
train_ISIC_0033504.jpg,1,1
train_ISIC_0030138.jpg,1,1
train_ISIC_0024666.jpg,1,1
train_ISIC_0028283.jpg,1,1
train_ISIC_0030526.jpg,1,1
train_ISIC_0028238.jpg,1,1
train_ISIC_0028568.jpg,1,1
train_ISIC_0032222.jpg,1,1
train_ISIC_0028807.jpg,1,1
train_ISIC_0026957.jpg,1,1
train_ISIC_0031122.jpg,1,1
train_ISIC_0027846.jpg,1,1
train_ISIC_0029391.jpg,1,1
train_ISIC_0024573.jpg,1,1
train_ISIC_0032816.jpg,1,1
train_ISIC_0033146.jpg,1,1
train_ISIC_0031236.jpg,1,1
train_ISIC_0027546.jpg,1,1
train_ISIC_0028495.jpg,1,1
train_ISIC_0027920.jpg,1,1
train_ISIC_0034276.jpg,1,0
train_ISIC_0025601.jpg,1,1
train_ISIC_0030010.jpg,1,1
train_ISIC_0031539.jpg,1,1
train_ISIC_0028814.jpg,1,1
train_ISIC_0027858.jpg,1,1
train_ISIC_0034058.jpg,1,1
train_ISIC_0026845.jpg,1,1
train_ISIC_0031169.jpg,1,1
train_ISIC_0032660.jpg,1,1
train_ISIC_0029917.jpg,1,1
train_ISIC_0028577.jpg,1,1
train_ISIC_0034255.jpg,1,1
train_ISIC_0026643.jpg,1,1
train_ISIC_0028583.jpg,1,1
train_ISIC_0031258.jpg,1,1
train_ISIC_0030687.jpg,1,1
train_ISIC_0029501.jpg,1,2
train_ISIC_0025818.jpg,1,1
train_ISIC_0030893.jpg,1,1
train_ISIC_0024443.jpg,1,1
train_ISIC_0031272.jpg,1,1
train_ISIC_0029524.jpg,1,1
train_ISIC_0024795.jpg,1,1
train_ISIC_0032092.jpg,1,1
train_ISIC_0025752.jpg,1,2
train_ISIC_0033366.jpg,1,1
train_ISIC_0030644.jpg,1,0
train_ISIC_0028671.jpg,1,1
train_ISIC_0025285.jpg,1,1
train_ISIC_0027433.jpg,1,1
train_ISIC_0026593.jpg,1,4
train_ISIC_0031400.jpg,1,1
train_ISIC_0031552.jpg,1,1
train_ISIC_0026668.jpg,1,1
train_ISIC_0024411.jpg,1,1
train_ISIC_0027544.jpg,1,1
train_ISIC_0034299.jpg,1,1
train_ISIC_0028670.jpg,1,1
train_ISIC_0030690.jpg,1,1
train_ISIC_0029820.jpg,1,2
train_ISIC_0027722.jpg,1,1
train_ISIC_0028964.jpg,1,1
train_ISIC_0025301.jpg,1,1
train_ISIC_0028858.jpg,1,1
train_ISIC_0025644.jpg,1,1
train_ISIC_0031712.jpg,1,1
train_ISIC_0033571.jpg,1,2
train_ISIC_0024949.jpg,1,1
train_ISIC_0029489.jpg,1,1
train_ISIC_0028653.jpg,1,3
train_ISIC_0025711.jpg,1,1
train_ISIC_0025600.jpg,1,1
train_ISIC_0027998.jpg,1,4
train_ISIC_0028978.jpg,1,1
train_ISIC_0028084.jpg,1,1
train_ISIC_0024432.jpg,1,1
train_ISIC_0027229.jpg,1,4
train_ISIC_0025031.jpg,1,1
train_ISIC_0025971.jpg,1,1
train_ISIC_0031728.jpg,1,1
train_ISIC_0032194.jpg,1,1
train_ISIC_0033012.jpg,1,1
train_ISIC_0034093.jpg,1,1
train_ISIC_0027281.jpg,1,1
train_ISIC_0024431.jpg,1,1
train_ISIC_0028994.jpg,1,1
train_ISIC_0032302.jpg,1,1
train_ISIC_0026760.jpg,1,1
train_ISIC_0027595.jpg,1,1
train_ISIC_0025691.jpg,1,1
train_ISIC_0032415.jpg,1,1
train_ISIC_0030271.jpg,1,1
train_ISIC_0027851.jpg,1,1
train_ISIC_0034223.jpg,1,1
train_ISIC_0025299.jpg,1,1
train_ISIC_0031298.jpg,1,1
train_ISIC_0026350.jpg,1,1
train_ISIC_0024461.jpg,1,1
train_ISIC_0024360.jpg,1,1
train_ISIC_0025417.jpg,1,1
train_ISIC_0030954.jpg,1,1
train_ISIC_0030778.jpg,1,1
train_ISIC_0025826.jpg,1,1
train_ISIC_0027759.jpg,1,1
train_ISIC_0032894.jpg,1,4
train_ISIC_0024572.jpg,1,1
train_ISIC_0029647.jpg,1,1
train_ISIC_0028147.jpg,1,1
train_ISIC_0029974.jpg,1,2
train_ISIC_0032857.jpg,1,1
train_ISIC_0024345.jpg,1,1
train_ISIC_0027425.jpg,1,1
train_ISIC_0033301.jpg,1,1
train_ISIC_0027090.jpg,1,1
train_ISIC_0027146.jpg,1,1
train_ISIC_0027189.jpg,1,1
train_ISIC_0025975.jpg,1,4
train_ISIC_0024743.jpg,1,1
train_ISIC_0031749.jpg,1,1
train_ISIC_0027788.jpg,1,1
train_ISIC_0024632.jpg,1,1
train_ISIC_0029546.jpg,1,1
train_ISIC_0030249.jpg,1,1
train_ISIC_0025557.jpg,1,1
train_ISIC_0029602.jpg,1,1
train_ISIC_0027677.jpg,1,1
train_ISIC_0026213.jpg,1,1
train_ISIC_0026970.jpg,1,1
train_ISIC_0028106.jpg,1,1
train_ISIC_0028050.jpg,1,1
train_ISIC_0028871.jpg,1,1
train_ISIC_0025932.jpg,1,1
train_ISIC_0033747.jpg,1,1
train_ISIC_0029372.jpg,1,1
train_ISIC_0031243.jpg,1,1
train_ISIC_0027525.jpg,1,1
train_ISIC_0026324.jpg,1,1
train_ISIC_0027478.jpg,1,1
train_ISIC_0034306.jpg,1,1
train_ISIC_0026988.jpg,1,1
train_ISIC_0024848.jpg,1,1
train_ISIC_0027093.jpg,1,1
train_ISIC_0026496.jpg,1,1
train_ISIC_0028652.jpg,1,0
train_ISIC_0028815.jpg,1,1
train_ISIC_0032611.jpg,1,1
train_ISIC_0032030.jpg,1,1
train_ISIC_0028107.jpg,1,1
train_ISIC_0033248.jpg,1,1
train_ISIC_0029545.jpg,1,1
train_ISIC_0027291.jpg,1,1
train_ISIC_0030868.jpg,1,1
train_ISIC_0025718.jpg,1,1
train_ISIC_0027825.jpg,1,1
train_ISIC_0027117.jpg,1,1
train_ISIC_0029412.jpg,1,0
train_ISIC_0031041.jpg,1,1
train_ISIC_0031527.jpg,1,1
train_ISIC_0030094.jpg,1,1
train_ISIC_0031698.jpg,1,1
train_ISIC_0032834.jpg,1,1
train_ISIC_0026995.jpg,1,1
train_ISIC_0030314.jpg,1,1
train_ISIC_0026154.jpg,1,1
train_ISIC_0031225.jpg,1,1
train_ISIC_0033271.jpg,1,1
train_ISIC_0032316.jpg,1,1
train_ISIC_0027814.jpg,1,1
train_ISIC_0028747.jpg,1,1
train_ISIC_0030915.jpg,1,1
train_ISIC_0031009.jpg,1,2
train_ISIC_0024984.jpg,1,1
train_ISIC_0027038.jpg,1,1
train_ISIC_0026687.jpg,1,0
train_ISIC_0032414.jpg,1,1
train_ISIC_0026343.jpg,1,1
train_ISIC_0031520.jpg,1,1
train_ISIC_0027774.jpg,1,1
train_ISIC_0031971.jpg,1,3
train_ISIC_0031056.jpg,1,1
train_ISIC_0028155.jpg,1,1
train_ISIC_0025564.jpg,1,1
